,test_number,folder,scene,dist_met,obs_1,obs_2,obs_3,obs_4,obs_5,obs_6,obs_7,obs_8,obs_9,obs_10,obs_11,obs_12,obs_13,obs_14,obs_15,obs_16,Sum
0,1,sideboard_av1_01,sideboard,av1,1.0,1.5,1.1,1.5,2.0,1.5,2.0,1.4,1.0,1.6,1.0,2.2,1.5,1.6,1.5,1.4,1.4875
1,1,sideboard_av1_05,sideboard,av1,1.5,5.0,2.0,5.0,4.0,5.0,4.6,4.7,3.7,2.3,4.0,3.1,2.2,2.4,3.4,4.0,3.55625
2,1,sideboard_av1_15,sideboard,av1,4.0,5.0,4.9,5.0,5.0,4.3,5.0,4.6,4.7,4.0,4.0,4.8,4.2,4.5,4.3,5.0,4.58125
3,1,sideboard_av1_25,sideboard,av1,4.0,4.5,4.9,5.0,5.0,5.0,5.0,4.0,4.2,4.1,4.0,5.0,4.9,4.1,4.8,5.0,4.59375
4,1,sideboard_av1_75,sideboard,av1,4.0,5.0,4.9,5.0,5.0,5.0,5.0,4.5,5.0,4.8,5.0,5.0,3.1,4.4,5.0,4.3,4.6875
5,1,sideboard_bar_001,sideboard,bar,4.0,3.6,5.0,5.0,5.0,5.0,5.0,3.9,4.8,4.5,4.0,3.0,4.3,3.0,4.7,5.0,4.3625
6,1,sideboard_bar_002,sideboard,bar,4.0,3.5,5.0,5.0,5.0,5.0,5.0,4.4,5.0,4.1,4.0,5.0,5.0,3.6,4.4,4.9,4.55625
7,1,sideboard_bar_003,sideboard,bar,2.5,3.0,4.8,5.0,5.0,4.8,5.0,4.0,3.5,3.7,3.0,5.0,3.3,4.5,4.9,3.9,4.11875
8,1,sideboard_bar_004,sideboard,bar,4.0,2.4,2.2,5.0,3.0,5.0,4.9,3.0,5.0,4.2,4.0,5.0,2.5,2.9,4.5,5.0,3.9125
9,1,sideboard_bar_005,sideboard,bar,1.0,3.0,2.2,5.0,3.0,4.0,3.1,1.5,1.3,2.4,3.1,1.8,1.0,3.1,1.9,3.8,2.575
10,1,sideboard_bpg_25,sideboard,bpg,1.0,2.1,1.1,2.1,1.5,2.2,2.4,2.1,1.0,1.0,1.0,1.9,1.1,1.6,1.7,1.4,1.575
11,1,sideboard_bpg_375,sideboard,bpg,1.5,1.6,1.2,3.0,2.0,2.1,2.0,2.5,1.0,1.4,1.0,2.1,1.1,2.4,1.8,2.5,1.825
12,1,sideboard_bpg_5,sideboard,bpg,2.0,1.6,2.0,2.8,3.0,1.9,3.8,2.0,1.5,2.0,2.1,2.2,2.5,2.0,1.9,2.1,2.2125
13,1,sideboard_bpg_625,sideboard,bpg,1.5,3.1,3.0,3.1,3.0,3.5,3.7,3.7,1.7,4.3,2.1,3.2,2.2,2.1,2.1,2.5,2.8000000000000003
14,1,sideboard_bpg_75,sideboard,bpg,2.0,3.0,2.8,5.0,3.5,2.9,4.0,3.2,2.5,4.2,3.0,3.5,3.2,2.9,2.7,3.5,3.2437500000000004
15,1,sideboard_gau_001,sideboard,gau,4.9,5.0,5.0,5.0,5.0,3.9,5.0,4.0,5.0,4.2,5.0,4.6,3.2,4.4,4.8,5.0,4.625
16,1,sideboard_gau_002,sideboard,gau,3.1,3.1,3.0,3.7,4.0,3.4,3.6,4.6,4.4,4.6,5.0,4.0,2.6,3.3,3.6,3.8,3.7375
17,1,sideboard_gau_003,sideboard,gau,3.0,2.0,2.0,4.1,3.5,3.5,3.5,2.2,3.3,4.5,3.0,4.0,2.9,3.3,2.0,3.5,3.14375
18,1,sideboard_gau_004,sideboard,gau,2.0,2.0,2.1,3.1,3.5,2.5,2.7,4.0,2.2,3.2,2.1,3.6,2.4,2.8,3.1,3.9,2.8249999999999997
19,1,sideboard_gau_005,sideboard,gau,1.9,1.0,1.4,1.4,3.0,1.5,2.0,1.4,1.0,1.9,1.0,2.5,2.9,1.5,2.1,3.6,1.88125
20,1,sideboard_jp2_25,sideboard,jp2,1.0,1.5,1.1,1.9,2.0,1.6,1.2,1.3,1.0,1.7,1.0,1.0,1.0,1.4,1.3,1.0,1.3124999999999998
21,1,sideboard_jp2_375,sideboard,jp2,1.0,1.5,1.3,1.7,2.0,2.0,3.2,2.7,1.0,2.4,1.0,2.1,1.0,2.0,1.9,2.0,1.7999999999999998
22,1,sideboard_jp2_5,sideboard,jp2,1.1,1.5,1.3,2.0,2.0,2.4,2.4,2.6,1.0,1.2,1.0,2.2,1.0,2.3,2.2,2.0,1.7625
23,1,sideboard_jp2_625,sideboard,jp2,1.1,2.5,1.5,2.1,3.0,2.3,3.1,4.0,2.0,2.2,1.0,3.1,2.2,2.7,2.9,1.8,2.34375
24,1,sideboard_jp2_75,sideboard,jp2,2.0,3.0,2.7,5.0,3.0,2.7,4.5,4.7,1.0,1.7,1.0,2.4,1.0,2.1,3.2,2.5,2.65625
25,1,sideboard_jpg_25,sideboard,jpg,1.0,1.0,1.0,1.0,1.0,1.0,1.0,1.0,1.0,1.0,1.0,1.0,1.0,1.0,1.0,1.6,1.0375
26,1,sideboard_jpg_375,sideboard,jpg,1.0,1.0,1.0,1.0,1.2,1.4,1.0,1.6,1.0,1.0,1.0,1.0,1.0,1.8,1.1,1.8,1.1812500000000001
27,1,sideboard_jpg_5,sideboard,jpg,1.0,1.5,1.2,1.6,2.3,2.1,2.8,1.6,1.0,2.1,1.0,1.0,1.3,1.8,1.4,1.9,1.5999999999999999
28,1,sideboard_jpg_625,sideboard,jpg,2.0,1.6,1.3,3.1,2.7,1.6,3.5,3.0,1.0,1.4,2.1,1.9,1.3,2.1,1.6,2.0,2.0125
29,1,sideboard_jpg_75,sideboard,jpg,1.5,2.0,2.6,3.3,2.3,3.8,3.4,3.6,2.0,1.2,2.1,1.4,1.0,2.6,1.9,3.2,2.36875
30,1,sideboard_pin_001,sideboard,pin,5.0,4.5,4.3,5.0,5.0,4.4,5.0,4.8,4.9,4.6,3.0,5.0,5.0,3.4,4.6,5.0,4.59375
31,1,sideboard_pin_002,sideboard,pin,4.0,4.5,4.1,5.0,5.0,4.2,5.0,4.6,5.0,4.6,3.9,3.4,4.3,3.4,4.6,4.0,4.35
32,1,sideboard_pin_003,sideboard,pin,4.0,5.0,4.9,5.0,5.0,4.3,5.0,4.7,5.0,4.8,4.0,3.3,4.7,2.8,4.5,5.0,4.5
33,1,sideboard_pin_004,sideboard,pin,4.0,2.1,2.2,5.0,2.7,4.9,5.0,2.0,5.0,3.2,4.0,1.3,2.9,4.6,3.7,5.0,3.6
34,1,sideboard_pin_005,sideboard,pin,1.0,2.1,2.0,3.9,2.5,1.0,4.0,1.4,1.8,1.4,2.1,1.2,1.0,2.0,2.4,3.8,2.0999999999999996
35,1,sideboard_sal_001,sideboard,sal,4.5,4.5,3.8,5.0,4.0,4.6,3.5,3.5,3.2,3.6,5.0,3.7,3.2,4.7,5.0,5.0,4.175000000000001
36,1,sideboard_sal_002,sideboard,sal,4.0,2.5,2.0,3.1,3.8,2.4,3.1,4.2,1.9,5.0,3.9,3.0,2.9,3.0,2.7,4.0,3.21875
37,1,sideboard_sal_003,sideboard,sal,4.0,3.1,1.1,1.7,3.5,2.2,2.1,2.5,2.5,2.8,2.1,1.6,1.3,3.7,2.1,4.1,2.5250000000000004
38,1,sideboard_sal_004,sideboard,sal,2.5,2.0,1.0,2.7,3.5,2.7,2.0,2.2,2.2,3.8,2.1,1.8,2.0,3.2,1.8,3.5,2.4375
39,1,sideboard_sal_005,sideboard,sal,1.5,1.0,1.0,2.0,2.5,1.9,1.0,2.1,1.0,2.6,1.0,1.0,1.3,2.1,2.0,2.4,1.6500000000000001
40,1,sideboard_uns_001,sideboard,uns,5.0,4.1,5.0,5.0,4.0,5.0,5.0,4.4,5.0,4.6,5.0,5.0,3.3,4.2,4.8,5.0,4.6499999999999995
41,1,sideboard_uns_002,sideboard,uns,4.0,4.0,4.5,4.1,5.0,4.5,5.0,3.1,4.0,3.0,5.0,3.2,4.0,2.0,4.2,4.0,3.9750000000000005
42,1,sideboard_uns_003,sideboard,uns,3.5,4.0,3.9,4.1,3.5,4.0,4.6,2.0,4.4,3.3,5.0,3.0,3.0,3.7,3.2,4.1,3.7062500000000003
43,1,sideboard_uns_004,sideboard,uns,1.0,3.5,3.1,3.8,2.5,3.5,4.6,1.3,4.6,1.7,3.0,1.7,1.0,3.0,2.4,4.0,2.7937499999999997
44,1,sideboard_uns_005,sideboard,uns,1.0,2.4,3.0,3.0,2.0,3.0,3.5,1.0,3.5,2.0,1.0,2.2,1.0,3.3,2.0,4.0,2.36875
45,1,sideboard_vp9_01,sideboard,vp9,1.0,2.5,1.2,4.3,2.5,1.7,4.1,4.8,1.5,1.0,2.1,2.9,2.5,2.6,2.3,2.6,2.4749999999999996
46,1,sideboard_vp9_05,sideboard,vp9,2.1,2.1,1.9,4.8,2.5,3.4,4.1,2.1,2.1,1.6,2.1,2.4,2.6,2.4,2.3,2.9,2.5875
47,1,sideboard_vp9_15,sideboard,vp9,2.5,3.5,3.5,5.0,4.0,4.9,5.0,4.6,3.3,1.4,3.0,4.5,4.5,3.6,4.4,5.0,3.9187499999999997
48,1,sideboard_vp9_25,sideboard,vp9,3.1,4.5,4.8,5.0,4.0,4.5,5.0,3.9,3.8,4.7,2.1,4.5,3.3,4.5,4.4,3.6,4.106249999999999
49,1,sideboard_vp9_75,sideboard,vp9,5.0,4.5,5.0,1.0,5.0,5.0,5.0,4.3,5.0,4.2,3.0,3.1,3.8,4.9,5.0,5.0,4.3
50,1,sideboard_x264_01,sideboard,x264,1.0,1.0,1.0,1.0,1.0,1.0,1.0,1.0,1.0,1.0,1.0,1.0,1.0,1.0,1.0,1.0,1.0
51,1,sideboard_x264_05,sideboard,x264,2.0,3.5,1.5,4.7,3.0,2.2,5.0,3.0,1.3,1.3,2.1,2.9,2.5,2.4,3.7,2.7,2.7375000000000003
52,1,sideboard_x264_15,sideboard,x264,2.0,3.0,5.0,5.0,4.0,4.9,5.0,3.2,4.1,4.2,4.0,3.7,3.2,3.9,5.0,4.8,4.062500000000001
53,1,sideboard_x264_25,sideboard,x264,2.8,3.6,5.0,4.7,5.0,5.0,4.6,3.0,5.0,4.5,4.0,4.0,4.7,4.1,4.8,5.0,4.362500000000001
54,1,sideboard_x264_75,sideboard,x264,4.5,4.0,5.0,5.0,5.0,4.7,5.0,4.7,5.0,4.7,5.0,4.1,2.7,3.3,4.7,5.0,4.525
55,1,sideboard_x265_01,sideboard,x265,1.0,1.0,1.0,1.0,1.5,3.3,2.0,1.1,1.0,1.0,1.0,1.0,1.0,1.0,1.3,1.0,1.2625
56,1,sideboard_x265_05,sideboard,x265,1.1,4.0,1.6,3.0,2.0,2.3,2.6,3.5,2.0,2.4,1.0,3.1,2.0,2.5,1.8,2.5,2.3375
57,1,sideboard_x265_15,sideboard,x265,2.5,3.0,3.4,4.1,3.5,3.4,5.0,3.3,1.7,3.6,3.0,3.0,4.5,2.8,2.9,3.7,3.3375
58,1,sideboard_x265_25,sideboard,x265,2.7,5.0,4.7,4.8,4.0,4.0,5.0,3.6,4.9,2.2,3.0,4.9,3.7,3.4,4.2,4.5,4.0375
59,1,sideboard_x265_75,sideboard,x265,4.0,5.0,5.0,5.0,5.0,4.0,5.0,3.8,5.0,4.9,5.0,5.0,3.8,5.0,5.0,5.0,4.71875
60,1,vinyl_av1_01,vinyl,av1,2.0,4.5,2.5,4.9,3.5,4.8,4.6,2.0,1.9,4.4,4.0,1.3,4.3,3.9,3.5,4.5,3.537499999999999
61,1,vinyl_av1_05,vinyl,av1,4.0,5.0,5.0,4.6,5.0,4.7,5.0,4.7,5.0,4.7,5.0,5.0,5.0,3.8,5.0,5.0,4.78125
62,1,vinyl_av1_15,vinyl,av1,5.0,4.5,4.8,5.0,5.0,4.0,5.0,3.7,4.7,4.9,5.0,3.7,4.2,4.8,4.7,5.0,4.625000000000001
63,1,vinyl_av1_25,vinyl,av1,4.5,4.1,5.0,5.0,5.0,4.6,5.0,4.2,5.0,4.4,4.0,3.5,4.9,4.0,4.6,5.0,4.55
64,1,vinyl_av1_75,vinyl,av1,4.0,4.0,4.8,5.0,5.0,5.0,5.0,3.9,5.0,4.4,5.0,4.9,4.7,4.2,4.9,4.5,4.64375
65,1,vinyl_bar_001,vinyl,bar,5.0,4.5,4.9,5.0,5.0,4.1,5.0,4.4,4.6,4.3,5.0,4.5,5.0,4.0,4.7,5.0,4.6875
66,1,vinyl_bar_002,vinyl,bar,4.0,5.0,5.0,5.0,5.0,4.3,5.0,4.8,5.0,2.8,4.0,5.0,5.0,3.9,4.9,5.0,4.606249999999999
67,1,vinyl_bar_003,vinyl,bar,4.0,3.5,4.9,5.0,5.0,4.9,5.0,4.6,4.9,3.3,4.0,4.7,3.3,2.8,4.7,4.3,4.3062499999999995
68,1,vinyl_bar_004,vinyl,bar,3.0,3.5,4.5,4.9,5.0,5.0,5.0,4.4,4.1,4.2,4.0,3.0,4.0,2.9,3.8,5.0,4.14375
69,1,vinyl_bar_005,vinyl,bar,4.0,4.0,2.5,5.0,2.5,1.5,3.5,1.2,2.1,2.1,4.0,2.1,2.2,3.7,2.1,4.1,2.912500000000001
70,1,vinyl_bpg_25,vinyl,bpg,1.5,3.1,2.1,3.4,3.0,3.0,4.0,3.9,2.4,3.4,4.0,2.2,2.9,3.0,2.2,3.0,2.94375
71,1,vinyl_bpg_375,vinyl,bpg,4.0,4.5,3.5,4.6,3.5,3.1,5.0,4.7,4.9,4.4,4.0,3.1,2.9,4.9,2.9,4.3,4.01875
72,1,vinyl_bpg_5,vinyl,bpg,3.1,4.5,4.6,5.0,4.0,4.0,5.0,4.6,5.0,4.5,5.0,3.9,4.5,3.7,3.7,3.7,4.3
73,1,vinyl_bpg_625,vinyl,bpg,4.5,5.0,4.7,5.0,5.0,4.9,5.0,4.5,4.7,4.0,5.0,4.5,5.0,3.2,4.8,3.9,4.60625
74,1,vinyl_bpg_75,vinyl,bpg,3.5,5.0,4.8,5.0,5.0,4.4,5.0,4.2,5.0,4.7,5.0,4.1,3.8,4.8,4.9,4.6,4.612500000000001
75,1,vinyl_gau_001,vinyl,gau,4.0,5.0,5.0,4.9,5.0,5.0,5.0,4.1,4.4,3.8,5.0,4.0,3.8,3.9,4.5,4.4,4.4875
76,1,vinyl_gau_002,vinyl,gau,3.0,3.0,2.4,2.6,4.0,2.9,4.6,3.1,1.9,4.0,3.1,3.5,2.2,4.2,3.0,3.5,3.1875000000000004
77,1,vinyl_gau_003,vinyl,gau,2.5,2.0,2.4,1.9,3.7,2.5,3.9,2.1,1.7,3.1,3.0,4.0,2.8,3.0,2.1,3.1,2.7375
78,1,vinyl_gau_004,vinyl,gau,2.0,2.0,2.0,2.1,3.5,2.0,2.3,2.1,2.1,1.9,1.0,2.0,2.2,2.1,1.9,3.5,2.16875
79,1,vinyl_gau_005,vinyl,gau,1.4,1.5,1.5,2.0,2.5,2.0,2.0,2.1,1.0,1.9,1.0,1.8,1.3,2.5,1.4,3.0,1.80625
80,1,vinyl_jp2_25,vinyl,jp2,2.0,2.1,3.0,4.0,2.0,1.9,3.9,1.6,1.9,1.4,3.0,1.7,1.0,2.2,1.8,2.3,2.2374999999999994
81,1,vinyl_jp2_375,vinyl,jp2,2.0,3.1,2.3,3.2,2.5,2.9,3.5,3.3,2.3,3.8,3.1,2.6,3.0,2.9,3.5,2.6,2.9125
82,1,vinyl_jp2_5,vinyl,jp2,2.4,4.5,4.0,4.0,3.8,4.9,4.2,4.7,3.2,3.7,5.0,3.0,3.0,3.4,2.6,3.4,3.7375000000000003
83,1,vinyl_jp2_625,vinyl,jp2,3.0,5.0,4.0,4.4,3.5,3.7,4.6,4.9,2.5,4.2,5.0,3.2,2.6,5.0,3.9,4.0,3.96875
84,1,vinyl_jp2_75,vinyl,jp2,3.1,4.5,4.6,5.0,4.0,4.0,4.4,4.9,5.0,4.2,5.0,3.6,4.3,4.2,5.0,4.6,4.4
85,1,vinyl_jpg_25,vinyl,jpg,1.0,1.0,1.0,1.1,1.0,1.3,1.0,1.1,1.0,1.0,1.0,1.0,1.0,1.2,1.0,1.0,1.04375
86,1,vinyl_jpg_375,vinyl,jpg,1.0,1.6,1.9,2.1,2.5,1.6,3.3,3.0,2.2,1.6,2.1,2.0,1.1,2.2,2.5,2.0,2.04375
87,1,vinyl_jpg_5,vinyl,jpg,1.8,3.1,3.1,5.0,3.0,3.1,4.4,4.7,3.2,2.2,3.1,2.1,2.0,2.3,3.1,2.3,3.03125
88,1,vinyl_jpg_625,vinyl,jpg,3.0,4.1,3.2,5.0,3.6,4.8,4.6,3.4,1.6,2.4,3.0,2.0,2.2,3.0,3.9,3.7,3.3437500000000004
89,1,vinyl_jpg_75,vinyl,jpg,3.0,4.0,4.0,5.0,4.0,5.0,5.0,4.8,5.0,3.4,3.9,4.0,3.7,2.8,3.2,3.9,4.04375
90,1,vinyl_pin_001,vinyl,pin,5.0,4.4,4.1,5.0,5.0,4.9,4.7,4.6,5.0,4.6,5.0,4.9,4.9,4.6,4.6,4.4,4.73125
91,1,vinyl_pin_002,vinyl,pin,3.1,3.5,5.0,5.0,5.0,4.4,5.0,4.4,5.0,3.7,5.0,5.0,4.0,3.8,5.0,5.0,4.49375
92,1,vinyl_pin_003,vinyl,pin,4.0,3.6,4.9,5.0,5.0,2.6,5.0,3.8,5.0,5.0,4.0,4.5,4.3,3.1,5.0,4.4,4.325
93,1,vinyl_pin_004,vinyl,pin,4.0,4.5,3.1,5.0,5.0,4.2,5.0,2.1,4.8,4.4,5.0,5.0,2.3,3.0,3.3,3.8,4.031249999999999
94,1,vinyl_pin_005,vinyl,pin,2.1,4.5,2.3,5.0,3.5,1.5,3.0,2.1,3.0,3.6,5.0,5.0,1.1,2.6,2.8,4.0,3.19375
95,1,vinyl_sal_001,vinyl,sal,4.0,4.0,2.0,5.0,3.5,3.1,3.5,3.6,1.9,3.7,4.0,1.0,3.3,4.9,2.4,4.5,3.4
96,1,vinyl_sal_002,vinyl,sal,3.0,2.0,1.1,2.4,3.5,3.0,2.0,3.1,2.9,2.0,2.1,1.7,1.1,2.7,1.8,3.9,2.39375
97,1,vinyl_sal_003,vinyl,sal,1.8,1.5,1.0,2.4,3.0,3.0,2.0,2.5,1.9,2.5,1.0,1.9,1.0,2.9,1.8,3.6,2.1125
98,1,vinyl_sal_004,vinyl,sal,1.8,2.0,1.0,1.6,3.0,2.0,2.2,1.8,1.0,2.6,1.0,1.8,1.0,3.2,1.4,3.2,1.9125
99,1,vinyl_sal_005,vinyl,sal,1.0,1.0,1.0,1.0,2.0,1.8,1.0,1.0,1.0,2.4,1.0,1.0,1.0,3.0,1.4,2.0,1.4125
100,1,vinyl_uns_001,vinyl,uns,4.0,4.5,4.9,5.0,5.0,2.6,5.0,4.1,5.0,4.5,5.0,5.0,4.9,5.0,4.9,5.0,4.65
101,1,vinyl_uns_002,vinyl,uns,4.0,4.0,4.5,4.1,4.0,4.0,5.0,4.2,5.0,3.8,5.0,4.6,4.7,4.5,4.1,5.0,4.40625
102,1,vinyl_uns_003,vinyl,uns,2.0,4.0,4.1,3.9,3.7,3.9,4.0,3.6,5.0,4.0,5.0,4.1,4.0,4.0,3.7,4.0,3.9375000000000004
103,1,vinyl_uns_004,vinyl,uns,1.5,4.0,2.9,4.0,3.5,3.7,4.1,3.1,4.6,4.5,3.9,3.0,3.7,3.3,4.1,4.1,3.6250000000000004
104,1,vinyl_uns_005,vinyl,uns,1.0,4.0,3.5,4.1,3.7,3.5,2.4,1.5,4.6,2.4,1.0,2.5,2.4,3.2,3.7,3.6,2.94375
105,1,vinyl_vp9_01,vinyl,vp9,2.0,2.0,2.5,3.9,2.5,3.1,4.1,2.5,1.9,2.6,2.1,2.3,1.0,2.5,2.0,1.5,2.40625
106,1,vinyl_vp9_05,vinyl,vp9,4.0,2.0,4.9,4.7,5.0,5.0,5.0,4.4,4.7,4.2,5.0,4.4,4.3,4.5,4.7,4.0,4.425
107,1,vinyl_vp9_15,vinyl,vp9,4.5,4.5,4.9,5.0,5.0,4.5,5.0,4.0,4.8,4.5,5.0,5.0,5.0,4.9,4.8,5.0,4.7749999999999995
108,1,vinyl_vp9_25,vinyl,vp9,4.0,4.5,4.9,5.0,5.0,5.0,5.0,4.0,5.0,4.3,5.0,5.0,5.0,3.2,4.7,5.0,4.6625
109,1,vinyl_vp9_75,vinyl,vp9,3.2,4.5,5.0,5.0,5.0,4.7,5.0,4.7,5.0,4.3,2.0,4.7,3.2,4.6,4.4,5.0,4.393750000000001
110,1,vinyl_x264_01,vinyl,x264,1.1,1.6,2.5,2.0,2.5,3.2,4.1,2.5,1.0,1.7,1.0,1.0,2.2,2.2,2.8,2.0,2.0875
111,1,vinyl_x264_05,vinyl,x264,4.0,5.0,5.0,5.0,5.0,5.0,5.0,4.4,5.0,4.2,5.0,4.0,4.9,4.9,4.6,5.0,4.75
112,1,vinyl_x264_15,vinyl,x264,4.0,4.0,4.9,5.0,5.0,4.0,5.0,4.7,5.0,4.6,5.0,5.0,4.9,4.2,4.6,5.0,4.6812499999999995
113,1,vinyl_x264_25,vinyl,x264,4.0,4.5,4.7,5.0,5.0,4.8,5.0,4.9,5.0,5.0,5.0,4.7,5.0,4.3,4.7,5.0,4.7875000000000005
114,1,vinyl_x264_75,vinyl,x264,5.0,4.5,4.9,5.0,4.0,3.9,5.0,4.1,5.0,5.0,5.0,5.0,4.9,4.5,4.7,5.0,4.71875
115,1,vinyl_x265_01,vinyl,x265,2.0,3.1,2.7,1.8,2.0,1.7,4.1,2.6,2.2,1.0,2.1,1.6,1.0,2.5,2.0,2.3,2.16875
116,1,vinyl_x265_05,vinyl,x265,3.0,3.1,4.9,4.8,4.0,5.0,5.0,4.0,4.6,3.2,5.0,1.9,4.9,4.6,5.0,4.7,4.23125
117,1,vinyl_x265_15,vinyl,x265,4.0,4.5,5.0,5.0,4.0,4.5,5.0,4.5,5.0,4.2,5.0,4.2,4.9,4.5,5.0,5.0,4.643750000000001
118,1,vinyl_x265_25,vinyl,x265,4.9,4.5,4.3,5.0,4.0,4.6,5.0,4.8,5.0,5.0,3.9,5.0,4.7,4.7,4.6,4.8,4.674999999999999
119,1,vinyl_x265_75,vinyl,x265,4.0,4.0,4.9,5.0,5.0,4.0,5.0,4.5,5.0,4.3,3.9,5.0,3.8,4.2,4.7,5.0,4.51875
120,2,boxes_av1_01,boxes,av1,2.0,2.0,1.4,3.1,2.7,3.3,4.1,3.5,2.2,1.5,3.1,1.5,1.0,2.8,3.2,2.7,2.5062500000000005
121,2,boxes_av1_05,boxes,av1,3.5,4.0,3.9,4.3,4.0,4.4,5.0,3.0,5.0,5.0,4.0,4.4,4.2,4.4,4.7,5.0,4.300000000000001
122,2,boxes_av1_15,boxes,av1,4.0,5.0,4.1,4.5,5.0,5.0,5.0,3.5,5.0,3.9,5.0,4.3,4.9,4.6,4.7,5.0,4.59375
123,2,boxes_av1_25,boxes,av1,5.0,4.5,4.0,4.7,5.0,5.0,5.0,4.7,5.0,2.7,4.0,4.8,5.0,4.0,5.0,4.8,4.575
124,2,boxes_av1_75,boxes,av1,5.0,5.0,4.9,4.8,5.0,4.3,5.0,3.5,5.0,4.6,5.0,4.2,4.9,4.0,4.7,5.0,4.68125
125,2,boxes_bar_001,boxes,bar,5.0,4.5,5.0,5.0,5.0,4.1,5.0,4.5,5.0,3.9,4.0,3.2,4.9,4.3,4.4,4.9,4.54375
126,2,boxes_bar_002,boxes,bar,5.0,4.0,5.0,4.1,5.0,3.1,5.0,4.8,5.0,3.9,4.0,4.1,4.9,3.6,5.0,4.8,4.45625
127,2,boxes_bar_003,boxes,bar,4.8,4.0,5.0,4.9,5.0,2.4,5.0,3.9,5.0,4.7,5.0,5.0,4.9,3.0,4.5,3.6,4.418749999999999
128,2,boxes_bar_004,boxes,bar,2.4,5.0,3.6,4.7,3.8,2.2,5.0,1.8,5.0,3.5,4.0,4.8,1.0,2.7,3.0,4.1,3.5375
129,2,boxes_bar_005,boxes,bar,1.0,1.5,2.1,3.2,2.7,1.0,3.1,2.1,1.0,1.6,1.0,2.1,1.0,2.8,2.9,3.2,2.0187500000000003
130,2,boxes_bpg_25,boxes,bpg,3.0,2.0,2.2,2.4,3.2,2.6,4.5,4.5,2.2,2.7,2.0,2.8,1.7,2.5,2.7,2.9,2.74375
131,2,boxes_bpg_375,boxes,bpg,2.1,5.0,3.2,4.6,3.3,4.0,4.0,4.7,3.0,3.8,4.1,3.5,4.7,2.3,3.1,3.8,3.6999999999999997
132,2,boxes_bpg_5,boxes,bpg,4.0,4.5,3.9,4.1,3.7,3.7,4.6,4.6,4.5,4.3,3.0,3.7,4.8,3.0,4.1,5.0,4.09375
133,2,boxes_bpg_625,boxes,bpg,4.0,4.5,4.0,5.0,4.0,3.7,5.0,4.6,5.0,1.5,4.0,4.7,5.0,4.0,5.0,5.0,4.3125
134,2,boxes_bpg_75,boxes,bpg,4.0,4.0,4.9,4.3,5.0,4.6,4.4,4.7,5.0,2.7,5.0,4.5,4.8,3.6,4.2,4.6,4.39375
135,2,boxes_gau_001,boxes,gau,5.0,4.0,4.9,4.2,5.0,4.1,4.6,4.7,4.9,4.6,4.0,4.0,4.7,3.3,4.7,5.0,4.48125
136,2,boxes_gau_002,boxes,gau,3.0,2.1,2.2,3.3,4.0,2.6,3.6,4.0,3.3,2.0,3.1,4.0,2.2,3.1,2.8,3.9,3.075
137,2,boxes_gau_003,boxes,gau,3.0,2.0,2.1,3.0,3.5,2.4,2.9,2.1,3.1,2.8,2.1,3.4,2.3,2.5,2.3,3.6,2.69375
138,2,boxes_gau_004,boxes,gau,3.0,1.5,1.7,2.2,3.0,2.1,2.5,2.0,2.7,2.1,1.0,3.0,1.8,2.0,2.8,2.1,2.21875
139,2,boxes_gau_005,boxes,gau,1.5,1.5,1.7,2.0,2.5,1.0,2.0,2.5,2.3,1.8,1.0,3.3,2.2,1.9,2.1,2.6,1.9937500000000001
140,2,boxes_jp2_25,boxes,jp2,2.0,1.8,2.0,1.9,2.5,2.4,2.5,3.3,1.4,1.7,2.0,2.9,1.3,2.0,1.8,1.9,2.0875
141,2,boxes_jp2_375,boxes,jp2,3.0,3.0,2.7,2.4,3.0,3.0,4.0,3.8,2.4,2.6,2.1,2.8,1.7,1.7,2.7,3.0,2.7437500000000004
142,2,boxes_jp2_5,boxes,jp2,2.1,3.0,2.9,4.0,3.3,3.3,3.6,4.0,1.4,1.9,3.0,3.1,2.9,3.1,3.1,3.1,2.9875000000000003
143,2,boxes_jp2_625,boxes,jp2,3.0,4.5,3.1,4.0,3.5,3.5,4.1,4.8,3.9,2.9,4.0,3.3,3.8,2.8,4.1,4.4,3.7312499999999997
144,2,boxes_jp2_75,boxes,jp2,3.0,5.0,2.9,3.9,3.5,4.1,4.3,4.6,5.0,4.8,4.0,4.6,4.9,2.8,3.2,4.9,4.09375
145,2,boxes_jpg_25,boxes,jpg,1.0,1.0,1.0,1.0,1.0,1.0,1.0,1.3,1.0,1.0,1.0,1.0,1.0,1.0,2.0,1.0,1.08125
146,2,boxes_jpg_375,boxes,jpg,1.5,1.2,2.3,2.0,2.2,1.5,1.9,3.0,3.1,2.0,1.0,2.8,1.4,2.1,2.0,1.7,1.98125
147,2,boxes_jpg_5,boxes,jpg,2.0,1.5,3.0,3.6,3.0,2.4,3.5,4.9,2.8,2.6,2.0,3.1,1.7,2.5,2.5,2.3,2.7125
148,2,boxes_jpg_625,boxes,jpg,3.0,4.5,3.5,3.6,3.5,4.4,3.6,4.4,3.2,3.1,5.0,3.0,2.6,2.5,2.7,4.7,3.5812500000000007
149,2,boxes_jpg_75,boxes,jpg,3.0,3.5,3.9,4.1,3.8,4.8,4.1,4.9,4.4,2.3,4.0,4.0,4.4,3.1,2.9,2.4,3.7249999999999996
150,2,boxes_pin_001,boxes,pin,5.0,4.0,4.7,4.6,5.0,3.2,5.0,4.9,5.0,3.5,5.0,4.9,5.0,4.1,5.0,4.9,4.612500000000001
151,2,boxes_pin_002,boxes,pin,4.0,4.5,4.6,4.4,5.0,3.5,5.0,5.0,5.0,4.3,4.0,4.8,5.0,3.7,4.2,3.1,4.38125
152,2,boxes_pin_003,boxes,pin,4.5,4.5,5.0,5.0,4.0,4.0,5.0,4.6,5.0,5.0,3.0,4.9,2.2,3.4,4.8,5.0,4.36875
153,2,boxes_pin_004,boxes,pin,4.0,1.5,3.7,4.1,3.0,3.2,5.0,3.6,5.0,4.9,4.0,4.9,1.0,3.6,4.6,5.0,3.8187499999999996
154,2,boxes_pin_005,boxes,pin,1.0,1.0,1.4,3.9,2.0,1.0,2.7,1.2,1.0,1.0,3.1,1.7,1.0,2.2,2.9,3.8,1.93125
155,2,boxes_sal_001,boxes,sal,4.0,4.0,3.0,2.7,3.7,3.5,3.0,4.2,2.9,4.6,4.0,3.6,2.3,4.3,2.1,5.0,3.5562499999999995
156,2,boxes_sal_002,boxes,sal,3.5,1.5,1.3,2.4,3.2,2.4,2.0,3.2,3.0,3.0,3.0,2.3,2.1,3.2,2.6,4.0,2.66875
157,2,boxes_sal_003,boxes,sal,3.0,1.5,1.0,2.0,3.0,2.6,2.0,3.5,2.4,1.9,2.0,3.0,1.7,2.7,1.5,3.5,2.33125
158,2,boxes_sal_004,boxes,sal,3.0,1.0,1.3,1.4,2.5,2.1,2.0,2.7,1.8,2.5,2.0,2.5,1.0,2.7,1.8,3.7,2.125
159,2,boxes_sal_005,boxes,sal,2.0,1.0,1.0,1.2,2.0,2.1,1.4,2.2,1.0,2.1,1.0,2.0,1.0,1.9,1.0,2.4,1.58125
160,2,boxes_uns_001,boxes,uns,3.0,4.5,5.0,4.6,5.0,4.4,4.3,4.9,5.0,4.3,5.0,4.8,5.0,4.0,4.5,5.0,4.58125
161,2,boxes_uns_002,boxes,uns,4.0,4.0,4.2,4.0,4.0,4.0,4.1,4.1,4.6,4.1,4.0,4.0,3.9,3.8,3.7,4.0,4.03125
162,2,boxes_uns_003,boxes,uns,3.5,4.0,4.2,3.7,3.8,3.9,4.1,3.1,4.4,2.2,2.0,3.0,2.6,4.0,2.8,4.0,3.45625
163,2,boxes_uns_004,boxes,uns,2.0,4.0,3.7,4.0,3.5,3.3,4.0,2.4,4.3,2.3,2.0,2.7,3.2,3.2,2.3,4.0,3.1812500000000004
164,2,boxes_uns_005,boxes,uns,1.5,3.0,2.5,3.6,3.3,2.6,2.8,2.2,4.1,1.7,2.0,3.1,1.7,3.1,3.2,4.0,2.7750000000000004
165,2,boxes_vp9_01,boxes,vp9,2.0,2.0,1.9,2.9,3.3,3.0,4.3,4.2,2.0,1.2,2.1,2.3,1.7,2.6,3.3,1.4,2.5125
166,2,boxes_vp9_05,boxes,vp9,4.0,5.0,3.0,4.0,3.5,4.4,4.6,4.1,3.1,3.4,4.0,3.6,1.7,3.1,3.8,4.1,3.7125000000000004
167,2,boxes_vp9_15,boxes,vp9,4.0,4.5,4.7,4.5,5.0,4.0,5.0,4.4,5.0,4.3,5.0,4.5,4.9,4.2,4.9,4.9,4.612500000000001
168,2,boxes_vp9_25,boxes,vp9,4.0,4.0,4.8,4.8,5.0,4.2,5.0,4.0,5.0,3.3,5.0,4.1,4.8,4.4,4.6,4.8,4.487499999999999
169,2,boxes_vp9_75,boxes,vp9,4.0,5.0,4.9,4.7,5.0,4.0,5.0,4.0,5.0,5.0,4.0,4.9,4.9,3.2,5.0,5.0,4.6
170,2,boxes_x264_01,boxes,x264,1.0,1.0,1.2,1.7,1.5,1.1,1.5,2.6,1.8,1.0,1.0,2.0,1.0,1.5,1.8,1.0,1.41875
171,2,boxes_x264_05,boxes,x264,3.0,4.5,3.5,4.3,3.3,3.9,4.5,3.8,2.5,2.4,4.0,3.0,2.6,3.6,3.5,4.8,3.5749999999999997
172,2,boxes_x264_15,boxes,x264,4.0,3.5,5.0,5.0,3.8,4.0,5.0,4.7,5.0,3.9,5.0,4.0,5.0,3.9,4.9,5.0,4.48125
173,2,boxes_x264_25,boxes,x264,4.0,3.5,5.0,4.0,5.0,5.0,5.0,4.5,4.9,5.0,4.0,4.2,5.0,3.0,4.9,5.0,4.5
174,2,boxes_x264_75,boxes,x264,4.0,5.0,4.9,5.0,5.0,4.0,5.0,4.7,4.9,4.9,5.0,4.9,4.9,4.5,4.8,4.9,4.7749999999999995
175,2,boxes_x265_01,boxes,x265,2.0,2.1,1.4,2.0,2.8,2.5,3.0,2.0,2.5,1.5,1.0,1.8,1.4,1.4,2.5,1.2,1.9437499999999999
176,2,boxes_x265_05,boxes,x265,3.0,3.5,4.0,4.1,3.5,3.5,5.0,4.6,5.0,2.7,4.0,3.9,2.7,3.0,3.8,3.9,3.7625
177,2,boxes_x265_15,boxes,x265,4.0,4.0,4.4,4.5,4.0,5.0,5.0,4.8,5.0,5.0,5.0,4.5,4.9,3.3,4.7,4.8,4.5562499999999995
178,2,boxes_x265_25,boxes,x265,4.0,3.0,4.4,4.0,5.0,4.0,5.0,4.2,5.0,3.6,5.0,4.9,4.9,4.0,4.8,5.0,4.425
179,2,boxes_x265_75,boxes,x265,5.0,4.5,4.6,4.2,5.0,4.1,5.0,3.0,5.0,4.0,4.0,4.9,5.0,4.0,4.8,5.0,4.50625
180,2,kitchen_av1_01,kitchen,av1,2.0,1.0,2.7,3.6,3.0,2.6,3.5,4.7,1.7,2.0,2.1,2.2,1.0,2.2,2.9,2.0,2.4499999999999997
181,2,kitchen_av1_05,kitchen,av1,5.0,2.8,5.0,5.0,3.5,5.0,5.0,4.7,2.7,1.8,3.0,3.1,1.6,3.6,4.7,3.5,3.7500000000000004
182,2,kitchen_av1_15,kitchen,av1,4.0,4.5,4.7,4.9,5.0,2.6,5.0,4.5,5.0,3.5,5.0,4.4,4.9,3.1,4.2,5.0,4.39375
183,2,kitchen_av1_25,kitchen,av1,4.0,3.0,4.9,4.6,5.0,4.3,5.0,4.5,5.0,4.3,5.0,4.0,5.0,4.6,5.0,5.0,4.574999999999999
184,2,kitchen_av1_75,kitchen,av1,4.0,4.0,5.0,5.0,5.0,4.8,5.0,5.0,5.0,3.1,4.0,3.9,4.2,3.3,5.0,5.0,4.45625
185,2,kitchen_bar_001,kitchen,bar,5.0,4.5,4.9,5.0,5.0,4.8,4.7,4.5,5.0,5.0,5.0,4.9,4.9,3.3,5.0,5.0,4.78125
186,2,kitchen_bar_002,kitchen,bar,4.0,4.0,5.0,5.0,5.0,4.5,4.6,3.0,5.0,4.4,5.0,4.7,4.9,5.0,4.6,5.0,4.606249999999999
187,2,kitchen_bar_003,kitchen,bar,5.0,4.5,4.9,5.0,5.0,3.5,5.0,4.8,5.0,3.9,5.0,4.5,3.2,3.5,3.6,4.8,4.449999999999999
188,2,kitchen_bar_004,kitchen,bar,4.0,3.5,4.5,4.8,5.0,4.3,5.0,4.8,4.4,3.9,4.0,4.6,4.9,3.8,5.0,5.0,4.46875
189,2,kitchen_bar_005,kitchen,bar,4.0,5.0,4.7,5.0,5.0,3.9,5.0,4.0,4.8,3.1,4.0,2.3,1.7,3.0,4.8,4.0,4.018749999999999
190,2,kitchen_bpg_25,kitchen,bpg,1.0,2.0,1.9,2.1,3.0,1.6,2.3,3.0,2.0,1.9,2.0,1.5,1.7,2.0,2.3,1.8,2.0062499999999996
191,2,kitchen_bpg_375,kitchen,bpg,1.0,1.5,2.6,1.7,2.8,2.0,4.0,3.5,3.1,3.9,2.0,3.0,1.7,2.5,2.7,3.2,2.5750000000000006
192,2,kitchen_bpg_5,kitchen,bpg,2.0,4.5,3.1,3.5,3.2,2.2,3.4,4.0,2.2,1.4,2.0,4.1,1.3,2.9,3.1,2.9,2.8624999999999994
193,2,kitchen_bpg_625,kitchen,bpg,2.0,3.5,4.0,3.4,3.2,3.4,4.1,4.4,2.6,2.7,2.0,3.0,3.2,3.4,3.5,3.8,3.2625
194,2,kitchen_bpg_75,kitchen,bpg,3.0,5.0,3.8,3.5,3.3,2.2,3.7,5.0,3.1,1.8,3.0,3.0,4.9,3.8,2.9,4.3,3.5187499999999994
195,2,kitchen_gau_001,kitchen,gau,4.0,3.1,5.0,5.0,5.0,4.6,5.0,4.8,3.0,4.6,5.0,5.0,4.2,3.5,4.7,4.5,4.4375
196,2,kitchen_gau_002,kitchen,gau,3.5,2.5,3.1,4.7,3.7,3.6,5.0,3.0,5.0,4.5,4.0,3.9,3.3,3.5,2.3,3.4,3.6874999999999996
197,2,kitchen_gau_003,kitchen,gau,3.0,1.5,2.2,3.0,3.5,2.7,4.0,3.1,2.4,2.1,2.0,3.1,2.9,2.7,2.5,2.7,2.7125000000000004
198,2,kitchen_gau_004,kitchen,gau,2.1,1.5,2.5,1.9,2.8,2.5,3.0,3.1,2.2,2.0,1.0,3.2,1.7,2.7,2.5,2.6,2.3312500000000003
199,2,kitchen_gau_005,kitchen,gau,3.0,1.5,1.3,1.1,2.3,1.6,1.6,1.5,1.7,1.1,1.0,2.4,1.7,2.0,1.6,1.7,1.6937499999999999
200,2,kitchen_jp2_25,kitchen,jp2,1.0,2.0,1.2,2.0,2.0,1.5,2.0,2.5,2.1,1.1,1.0,2.1,1.0,1.6,1.7,1.2,1.6250000000000002
201,2,kitchen_jp2_375,kitchen,jp2,1.0,2.0,2.1,3.1,2.2,2.0,2.4,3.0,5.0,1.0,1.0,2.6,1.3,2.0,2.6,1.7,2.1875
202,2,kitchen_jp2_5,kitchen,jp2,1.0,3.1,3.0,2.8,2.7,2.4,3.1,5.0,1.4,2.2,2.0,3.2,1.7,2.3,2.7,2.4,2.5624999999999996
203,2,kitchen_jp2_625,kitchen,jp2,1.0,3.0,2.6,1.8,3.0,2.5,3.8,4.9,1.8,1.5,2.0,3.2,2.3,2.2,3.5,2.5,2.6
204,2,kitchen_jp2_75,kitchen,jp2,2.5,3.0,3.5,4.0,3.2,3.5,3.9,4.6,2.2,2.1,3.0,3.1,1.7,3.0,2.9,3.7,3.11875
205,2,kitchen_jpg_25,kitchen,jpg,1.0,1.0,1.0,1.1,1.0,1.0,1.0,1.0,1.0,1.0,1.0,1.0,1.0,1.0,1.0,1.0,1.00625
206,2,kitchen_jpg_375,kitchen,jpg,1.8,1.0,1.4,1.4,1.8,1.6,1.8,2.4,1.0,1.1,1.0,1.7,1.0,2.0,2.7,1.2,1.55625
207,2,kitchen_jpg_5,kitchen,jpg,1.5,2.0,1.9,2.1,2.5,2.5,3.1,3.7,1.8,1.0,2.0,2.0,1.4,1.9,2.3,2.0,2.10625
208,2,kitchen_jpg_625,kitchen,jpg,2.5,2.0,2.1,3.7,3.0,3.0,3.8,3.7,3.1,2.7,2.0,3.0,1.7,2.4,2.3,2.4,2.7125
209,2,kitchen_jpg_75,kitchen,jpg,2.0,5.0,3.7,4.1,3.3,3.5,5.0,4.9,2.3,1.3,3.1,3.1,1.4,3.9,3.0,2.7,3.26875
210,2,kitchen_pin_001,kitchen,pin,5.0,4.0,5.0,5.0,5.0,4.6,5.0,5.0,4.8,5.0,4.0,5.0,4.9,4.2,4.9,5.0,4.775
211,2,kitchen_pin_002,kitchen,pin,5.0,5.0,4.6,5.0,5.0,5.0,5.0,4.4,3.7,4.1,5.0,4.6,4.9,3.6,5.0,4.2,4.6312500000000005
212,2,kitchen_pin_003,kitchen,pin,3.5,5.0,4.9,5.0,5.0,4.4,4.7,4.6,4.8,5.0,4.0,4.6,5.0,4.0,5.0,5.0,4.65625
213,2,kitchen_pin_004,kitchen,pin,4.0,4.0,5.0,5.0,3.8,4.7,5.0,4.8,5.0,2.7,5.0,4.6,5.0,4.3,5.0,5.0,4.55625
214,2,kitchen_pin_005,kitchen,pin,4.0,4.5,4.9,5.0,4.0,4.6,3.6,4.9,2.2,3.4,3.0,4.4,1.8,4.2,2.5,4.7,3.85625
215,2,kitchen_sal_001,kitchen,sal,4.0,5.0,5.0,2.3,3.7,3.0,3.5,4.6,2.4,3.4,5.0,3.9,4.9,3.5,3.5,4.6,3.89375
216,2,kitchen_sal_002,kitchen,sal,4.0,1.5,1.4,2.0,3.3,2.6,2.0,4.0,2.1,2.4,4.0,3.0,1.2,2.8,1.8,4.1,2.6374999999999997
217,2,kitchen_sal_003,kitchen,sal,4.0,1.5,1.3,2.1,3.0,2.0,2.0,3.0,2.2,2.6,1.0,2.4,1.7,2.7,1.8,3.7,2.3125
218,2,kitchen_sal_004,kitchen,sal,3.0,1.5,1.1,1.6,2.5,2.2,2.0,3.0,1.4,2.7,1.0,2.0,1.0,2.2,1.7,3.0,1.9937499999999997
219,2,kitchen_sal_005,kitchen,sal,1.1,1.0,1.1,1.0,2.0,1.3,1.0,2.0,1.6,2.7,1.0,1.2,1.0,2.0,1.4,2.7,1.5062499999999999
220,2,kitchen_uns_001,kitchen,uns,4.0,5.0,5.0,5.0,5.0,4.0,5.0,4.7,5.0,3.7,4.0,5.0,4.2,4.5,4.8,5.0,4.61875
221,2,kitchen_uns_002,kitchen,uns,4.0,4.0,4.6,4.5,4.0,4.0,5.0,4.0,5.0,4.3,5.0,4.0,1.9,4.0,3.7,4.1,4.13125
222,2,kitchen_uns_003,kitchen,uns,3.0,4.0,4.4,3.9,3.7,3.9,3.9,3.5,4.8,2.8,2.1,1.9,2.9,4.0,2.7,3.7,3.4499999999999997
223,2,kitchen_uns_004,kitchen,uns,2.0,4.0,2.8,4.1,3.7,3.3,3.4,2.2,4.2,2.4,2.0,3.0,1.3,2.9,2.5,3.9,2.9812499999999997
224,2,kitchen_uns_005,kitchen,uns,1.0,2.1,2.5,3.9,2.3,1.6,2.5,2.1,2.9,1.8,2.0,1.3,1.0,2.9,1.9,3.9,2.2312499999999997
225,2,kitchen_vp9_01,kitchen,vp9,1.0,2.0,2.0,3.6,2.5,3.0,2.5,3.8,1.5,1.0,1.0,1.2,1.0,2.5,2.7,1.6,2.05625
226,2,kitchen_vp9_05,kitchen,vp9,2.0,2.0,3.5,3.4,3.0,2.7,4.1,5.0,2.1,1.9,3.0,3.2,2.6,2.5,3.4,4.1,3.0312500000000004
227,2,kitchen_vp9_15,kitchen,vp9,3.0,4.5,4.7,5.0,5.0,4.5,5.0,4.9,4.8,2.2,3.0,3.6,4.9,3.8,4.9,5.0,4.3
228,2,kitchen_vp9_25,kitchen,vp9,5.0,5.0,4.9,4.7,3.3,5.0,4.6,4.7,3.2,5.0,5.0,3.9,3.2,4.7,4.7,3.8,4.41875
229,2,kitchen_vp9_75,kitchen,vp9,5.0,5.0,4.6,5.0,5.0,4.0,5.0,4.6,4.3,3.5,5.0,3.8,4.9,3.9,5.0,5.0,4.6
230,2,kitchen_x264_01,kitchen,x264,1.0,1.5,1.1,1.3,1.3,1.0,2.0,1.3,1.5,1.0,1.0,2.3,1.0,1.8,1.6,1.0,1.3562500000000002
231,2,kitchen_x264_05,kitchen,x264,2.5,3.0,4.4,4.0,4.0,3.5,5.0,4.5,2.4,3.1,4.0,3.0,1.8,3.4,4.3,3.8,3.5437499999999993
232,2,kitchen_x264_15,kitchen,x264,5.0,3.6,4.6,5.0,5.0,4.5,5.0,4.6,4.9,4.3,4.0,3.4,4.9,2.8,4.9,5.0,4.46875
233,2,kitchen_x264_25,kitchen,x264,4.0,5.0,5.0,5.0,5.0,4.1,5.0,4.2,5.0,3.9,5.0,4.5,5.0,3.9,5.0,4.6,4.6375
234,2,kitchen_x264_75,kitchen,x264,4.5,5.0,5.0,5.0,5.0,4.7,5.0,4.9,4.7,3.8,5.0,4.8,4.9,4.0,5.0,4.8,4.75625
235,2,kitchen_x265_01,kitchen,x265,1.0,1.5,1.8,3.0,1.5,1.5,2.6,2.1,1.1,1.0,1.0,2.0,1.0,2.0,1.6,1.1,1.6125000000000003
236,2,kitchen_x265_05,kitchen,x265,2.5,3.0,3.0,3.0,3.0,2.4,4.7,4.1,3.9,2.8,3.0,2.6,2.6,2.7,3.0,4.8,3.1937499999999996
237,2,kitchen_x265_15,kitchen,x265,4.0,3.5,4.9,5.0,3.7,3.9,5.0,4.2,5.0,4.1,5.0,4.0,4.9,3.2,4.1,3.7,4.2625
238,2,kitchen_x265_25,kitchen,x265,4.0,2.5,4.1,4.9,5.0,4.5,5.0,4.7,3.3,4.0,4.0,4.1,5.0,4.0,4.3,4.8,4.2625
239,2,kitchen_x265_75,kitchen,x265,4.0,4.5,4.9,5.0,5.0,4.0,5.0,4.9,4.7,4.7,5.0,4.9,4.9,4.2,5.0,5.0,4.73125
240,3,cotton_av1_01,cotton,av1,3.0,4.5,3.6,4.6,3.5,3.9,5.0,5.0,4.1,4.3,3.0,3.0,4.9,4.0,3.8,3.1,3.9562499999999994
241,3,cotton_av1_05,cotton,av1,4.0,4.5,5.0,5.0,5.0,3.9,4.8,4.0,4.8,4.2,5.0,5.0,4.9,4.0,4.9,4.9,4.61875
242,3,cotton_av1_15,cotton,av1,4.0,4.0,5.0,5.0,5.0,4.5,5.0,4.6,4.0,4.7,5.0,5.0,5.0,3.7,5.0,5.0,4.65625
243,3,cotton_av1_25,cotton,av1,4.0,4.0,5.0,4.7,5.0,4.4,5.0,4.5,5.0,4.5,4.0,3.9,5.0,3.0,4.8,5.0,4.4875
244,3,cotton_av1_75,cotton,av1,4.0,5.0,5.0,4.0,5.0,3.9,5.0,4.0,4.8,4.1,5.0,5.0,5.0,3.7,5.0,5.0,4.59375
245,3,cotton_bar_001,cotton,bar,4.0,5.0,5.0,4.2,5.0,4.4,5.0,4.0,4.5,5.0,5.0,4.1,5.0,3.0,5.0,4.8,4.5625
246,3,cotton_bar_002,cotton,bar,4.0,5.0,4.9,4.1,5.0,4.0,5.0,5.0,4.2,5.0,4.0,4.4,5.0,2.9,4.8,5.0,4.51875
247,3,cotton_bar_003,cotton,bar,4.0,4.0,5.0,4.9,5.0,4.0,5.0,5.0,5.0,4.6,4.0,4.5,5.0,3.9,4.7,4.8,4.5874999999999995
248,3,cotton_bar_004,cotton,bar,4.0,5.0,4.0,4.2,4.0,3.8,5.0,4.0,3.9,4.5,4.0,3.6,5.0,3.9,4.8,4.8,4.28125
249,3,cotton_bar_005,cotton,bar,4.0,3.5,3.0,5.0,4.0,3.5,5.0,4.6,1.9,4.2,4.0,5.0,5.0,3.6,4.9,4.0,4.075
250,3,cotton_bpg_25,cotton,bpg,2.5,4.0,2.6,3.7,3.0,4.0,4.1,4.9,3.1,3.7,3.0,4.6,4.4,3.2,3.3,2.5,3.5375
251,3,cotton_bpg_375,cotton,bpg,3.0,4.0,3.0,4.0,3.7,4.5,4.5,4.5,4.4,3.6,4.0,4.9,4.4,3.5,3.9,5.0,4.05625
252,3,cotton_bpg_5,cotton,bpg,3.5,5.0,3.2,4.5,3.8,4.0,4.7,5.0,5.0,5.0,4.0,4.7,5.0,2.5,4.7,4.9,4.343750000000001
253,3,cotton_bpg_625,cotton,bpg,5.0,4.0,4.4,4.5,5.0,4.5,5.0,3.4,4.5,5.0,5.0,3.7,4.8,4.0,4.0,4.9,4.48125
254,3,cotton_bpg_75,cotton,bpg,4.0,4.5,4.9,5.0,5.0,4.4,5.0,4.7,4.1,4.6,4.0,3.6,5.0,3.1,4.7,4.2,4.425000000000001
255,3,cotton_gau_001,cotton,gau,4.0,4.5,5.0,5.0,5.0,4.0,5.0,4.0,4.6,4.0,4.0,4.8,3.7,3.1,4.5,4.8,4.375
256,3,cotton_gau_002,cotton,gau,3.5,3.0,3.0,2.4,3.5,2.4,4.0,3.0,3.1,3.8,2.1,2.9,2.9,2.3,3.1,2.5,2.96875
257,3,cotton_gau_003,cotton,gau,3.5,2.5,2.4,1.9,3.0,2.5,2.4,3.5,2.4,2.3,1.0,3.1,2.3,2.2,2.6,2.6,2.5125
258,3,cotton_gau_004,cotton,gau,3.0,1.0,1.2,2.0,2.8,2.0,2.0,1.0,1.7,1.9,1.0,2.9,2.3,2.1,2.3,2.3,1.96875
259,3,cotton_gau_005,cotton,gau,2.5,1.0,1.2,1.6,2.2,1.3,1.0,1.0,1.3,1.8,1.0,1.2,2.4,1.7,1.8,1.9,1.55625
260,3,cotton_jp2_25,cotton,jp2,2.5,5.0,2.9,2.4,3.0,3.3,3.1,3.6,2.7,2.2,2.0,2.9,1.7,2.4,2.5,3.3,2.84375
261,3,cotton_jp2_375,cotton,jp2,3.5,4.5,3.1,4.6,3.7,4.0,4.7,4.8,3.1,4.0,3.0,3.0,2.7,2.8,3.8,3.5,3.675
262,3,cotton_jp2_5,cotton,jp2,3.0,4.0,3.6,4.5,3.7,4.2,4.0,4.6,4.4,4.6,4.0,3.3,4.9,2.8,4.1,5.0,4.043749999999999
263,3,cotton_jp2_625,cotton,jp2,3.5,5.0,4.9,4.5,5.0,4.9,4.9,4.4,4.8,3.8,4.0,4.8,5.0,2.7,5.0,5.0,4.512499999999999
264,3,cotton_jp2_75,cotton,jp2,4.0,4.0,5.0,5.0,5.0,4.5,4.8,5.0,4.9,4.9,4.0,4.7,5.0,4.6,5.0,5.0,4.7124999999999995
265,3,cotton_jpg_25,cotton,jpg,2.0,1.5,1.2,1.5,1.7,2.1,1.3,3.1,1.0,1.4,1.0,1.6,1.5,1.4,2.4,1.4,1.6312499999999999
266,3,cotton_jpg_375,cotton,jpg,3.0,3.5,3.0,3.0,2.7,3.2,3.7,3.5,2.5,2.9,3.0,3.0,1.9,2.2,3.6,3.8,3.03125
267,3,cotton_jpg_5,cotton,jpg,3.0,4.0,4.0,5.0,3.7,3.6,5.0,3.5,2.8,4.6,3.0,2.8,1.9,3.0,3.6,2.8,3.51875
268,3,cotton_jpg_625,cotton,jpg,4.5,5.0,5.0,4.4,3.7,3.8,4.5,4.0,3.0,5.0,5.0,3.0,3.0,3.0,4.5,5.0,4.15
269,3,cotton_jpg_75,cotton,jpg,4.0,5.0,4.7,4.7,5.0,3.3,4.8,4.0,5.0,4.6,5.0,3.5,5.0,3.3,4.2,5.0,4.44375
270,3,cotton_pin_001,cotton,pin,4.0,5.0,4.9,4.0,5.0,4.3,5.0,4.2,5.0,5.0,4.0,3.5,5.0,3.8,5.0,5.0,4.54375
271,3,cotton_pin_002,cotton,pin,3.5,4.5,5.0,4.0,5.0,3.9,5.0,4.3,4.8,5.0,3.9,4.0,4.9,3.1,5.0,2.9,4.3
272,3,cotton_pin_003,cotton,pin,5.0,4.5,5.0,4.5,5.0,4.8,5.0,4.6,4.9,5.0,3.0,4.6,4.9,4.0,4.6,4.6,4.624999999999999
273,3,cotton_pin_004,cotton,pin,4.0,5.0,5.0,4.2,5.0,5.0,5.0,3.5,5.0,4.2,5.0,3.6,4.9,4.4,4.5,4.9,4.575000000000001
274,3,cotton_pin_005,cotton,pin,4.0,4.0,4.6,5.0,5.0,4.0,5.0,4.4,4.8,4.9,5.0,4.7,5.0,5.0,3.4,4.8,4.6000000000000005
275,3,cotton_sal_001,cotton,sal,4.0,5.0,2.5,1.4,3.5,3.0,3.1,4.0,2.8,4.1,5.0,3.1,1.9,2.9,1.7,5.0,3.3125
276,3,cotton_sal_002,cotton,sal,4.0,1.5,1.2,1.6,2.7,2.0,2.0,3.0,2.7,3.6,3.0,2.7,2.2,2.9,1.8,4.0,2.55625
277,3,cotton_sal_003,cotton,sal,3.0,1.5,1.2,1.6,2.5,2.5,1.4,2.2,2.3,3.0,2.1,2.4,1.7,2.5,1.3,3.5,2.16875
278,3,cotton_sal_004,cotton,sal,3.0,1.0,1.0,2.1,2.0,2.5,2.0,2.0,2.1,1.9,1.0,2.1,1.0,2.2,1.4,4.0,1.9562499999999998
279,3,cotton_sal_005,cotton,sal,1.5,1.0,1.0,1.0,1.5,1.6,1.0,2.1,1.4,2.2,1.0,1.0,1.0,2.0,1.3,2.3,1.4312500000000001
280,3,cotton_uns_001,cotton,uns,4.0,4.5,5.0,4.2,5.0,4.2,5.0,5.0,5.0,4.6,5.0,5.0,4.4,3.7,4.9,5.0,4.65625
281,3,cotton_uns_002,cotton,uns,4.0,4.0,4.4,4.5,4.0,3.6,5.0,4.9,5.0,3.9,3.9,4.0,5.0,3.2,4.1,4.0,4.21875
282,3,cotton_uns_003,cotton,uns,3.5,4.0,4.1,4.1,4.0,4.0,3.9,3.1,5.0,3.0,4.0,3.2,4.2,3.5,3.7,4.0,3.8312500000000007
283,3,cotton_uns_004,cotton,uns,2.0,4.0,4.2,3.5,4.0,3.1,4.0,2.9,4.0,2.6,4.0,3.2,4.2,2.5,3.6,4.0,3.4875000000000003
284,3,cotton_uns_005,cotton,uns,2.0,2.0,4.5,4.1,3.7,3.0,4.0,2.1,3.9,1.8,3.0,1.8,3.2,2.8,3.7,4.0,3.1
285,3,cotton_vp9_01,cotton,vp9,3.0,3.0,2.1,2.5,3.2,3.0,4.3,4.4,3.0,1.8,2.1,3.0,3.8,3.2,3.5,2.6,3.03125
286,3,cotton_vp9_05,cotton,vp9,4.0,4.5,5.0,4.6,5.0,5.0,5.0,3.3,5.0,3.8,4.0,4.6,5.0,2.3,4.8,5.0,4.4312499999999995
287,3,cotton_vp9_15,cotton,vp9,4.5,4.0,5.0,4.2,5.0,4.8,4.9,4.9,5.0,5.0,5.0,3.5,5.0,5.0,5.0,5.0,4.7375
288,3,cotton_vp9_25,cotton,vp9,5.0,4.5,5.0,4.0,5.0,4.0,5.0,4.0,4.6,4.6,5.0,4.2,5.0,4.4,5.0,4.7,4.625000000000001
289,3,cotton_vp9_75,cotton,vp9,4.0,5.0,5.0,4.2,5.0,4.0,5.0,3.5,5.0,4.1,5.0,4.5,5.0,4.0,4.8,5.0,4.5687500000000005
290,3,cotton_x264_01,cotton,x264,2.5,2.0,2.5,2.3,2.5,3.1,2.7,3.0,1.0,2.0,1.0,2.2,1.8,1.9,3.3,2.1,2.24375
291,3,cotton_x264_05,cotton,x264,4.5,5.0,4.9,4.1,3.5,4.2,4.5,4.1,4.6,4.2,4.0,5.0,4.9,3.2,5.0,5.0,4.41875
292,3,cotton_x264_15,cotton,x264,5.0,4.0,5.0,5.0,5.0,4.0,5.0,3.5,4.9,4.8,4.0,4.3,5.0,4.2,5.0,5.0,4.606249999999999
293,3,cotton_x264_25,cotton,x264,5.0,4.5,5.0,4.2,5.0,4.0,5.0,4.6,4.6,5.0,4.0,5.0,5.0,4.0,4.7,5.0,4.6625000000000005
294,3,cotton_x264_75,cotton,x264,4.0,4.0,5.0,5.0,5.0,4.0,5.0,5.0,5.0,5.0,4.0,3.5,4.8,4.2,4.7,5.0,4.575
295,3,cotton_x265_01,cotton,x265,2.0,1.5,2.1,2.9,3.0,3.0,3.5,3.1,2.0,2.2,1.0,2.9,2.2,2.3,3.9,2.9,2.5312499999999996
296,3,cotton_x265_05,cotton,x265,4.0,4.5,4.4,4.1,5.0,4.4,5.0,4.8,4.6,2.5,3.9,5.0,5.0,3.4,4.4,5.0,4.375
297,3,cotton_x265_15,cotton,x265,4.0,5.0,5.0,4.0,5.0,4.1,5.0,3.8,4.5,5.0,4.0,4.0,5.0,3.8,4.2,5.0,4.4624999999999995
298,3,cotton_x265_25,cotton,x265,4.0,4.5,5.0,5.0,5.0,3.9,5.0,4.1,4.5,5.0,5.0,2.9,5.0,2.8,5.0,5.0,4.481249999999999
299,3,cotton_x265_75,cotton,x265,4.0,5.0,5.0,4.6,5.0,4.0,4.0,4.5,4.8,5.0,5.0,4.7,4.3,4.0,5.0,5.0,4.61875
300,3,rosemary_av1_01,rosemary,av1,1.0,1.0,1.5,1.9,1.3,2.3,2.0,2.0,2.0,1.9,1.0,1.7,2.2,1.4,2.1,1.4,1.6687499999999997
301,3,rosemary_av1_05,rosemary,av1,3.0,4.0,3.9,5.0,3.3,4.0,5.0,4.9,3.2,2.2,4.0,2.7,2.3,2.5,3.9,2.3,3.5125
302,3,rosemary_av1_15,rosemary,av1,5.0,4.5,5.0,5.0,5.0,3.9,5.0,4.6,4.8,3.3,5.0,3.7,5.0,4.0,5.0,5.0,4.6125
303,3,rosemary_av1_25,rosemary,av1,4.0,5.0,5.0,5.0,5.0,4.0,5.0,4.9,3.6,4.8,5.0,4.5,5.0,4.8,4.8,5.0,4.7124999999999995
304,3,rosemary_av1_75,rosemary,av1,4.0,4.5,4.9,5.0,5.0,4.8,5.0,4.8,5.0,4.6,5.0,3.6,5.0,3.4,5.0,5.0,4.6625000000000005
305,3,rosemary_bar_001,rosemary,bar,4.5,4.0,5.0,5.0,5.0,5.0,5.0,4.6,4.5,3.0,5.0,4.8,5.0,5.0,4.9,4.0,4.643750000000001
306,3,rosemary_bar_002,rosemary,bar,5.0,4.5,5.0,5.0,5.0,4.8,5.0,4.7,4.0,5.0,5.0,4.8,5.0,3.8,4.8,5.0,4.7749999999999995
307,3,rosemary_bar_003,rosemary,bar,5.0,4.0,5.0,5.0,5.0,3.8,5.0,4.0,4.9,3.1,5.0,5.0,4.9,3.1,4.6,5.0,4.5249999999999995
308,3,rosemary_bar_004,rosemary,bar,4.0,2.0,4.8,5.0,5.0,3.5,5.0,4.9,2.6,2.6,5.0,4.4,3.4,2.7,3.8,5.0,3.98125
309,3,rosemary_bar_005,rosemary,bar,3.0,2.0,3.1,4.8,3.5,1.9,3.6,2.4,2.1,2.2,3.9,4.0,1.8,2.5,2.2,3.5,2.90625
310,3,rosemary_bpg_25,rosemary,bpg,2.0,1.8,2.3,2.0,2.5,4.0,3.0,3.3,2.6,1.0,2.1,2.6,1.5,1.6,3.5,2.3,2.38125
311,3,rosemary_bpg_375,rosemary,bpg,2.5,2.1,2.9,5.0,2.2,3.2,4.4,4.6,2.9,2.7,3.0,3.0,1.9,2.7,3.3,2.9,3.08125
312,3,rosemary_bpg_5,rosemary,bpg,3.0,5.0,4.0,5.0,3.5,3.7,5.0,4.5,4.4,5.0,4.0,2.7,4.6,2.8,3.2,2.9,3.9562500000000003
313,3,rosemary_bpg_625,rosemary,bpg,3.0,4.0,4.9,5.0,4.0,4.2,5.0,4.7,3.9,3.8,3.0,4.0,5.0,2.8,4.1,3.5,4.0562499999999995
314,3,rosemary_bpg_75,rosemary,bpg,4.0,5.0,5.0,5.0,5.0,4.0,5.0,4.5,4.2,3.8,5.0,5.0,5.0,3.3,4.7,4.8,4.58125
315,3,rosemary_gau_001,rosemary,gau,4.0,4.0,5.0,5.0,5.0,4.5,5.0,5.0,4.0,5.0,5.0,4.3,4.0,4.8,4.8,4.5,4.6187499999999995
316,3,rosemary_gau_002,rosemary,gau,3.5,3.0,2.1,2.4,3.5,3.2,3.4,3.0,4.1,3.6,3.0,3.5,3.7,3.0,3.6,3.5,3.25625
317,3,rosemary_gau_003,rosemary,gau,3.0,2.0,2.1,2.5,3.0,2.3,3.0,3.9,2.7,2.5,2.1,3.9,2.5,2.8,2.0,3.2,2.71875
318,3,rosemary_gau_004,rosemary,gau,2.5,2.0,1.2,2.0,3.0,2.3,2.6,2.0,2.1,1.8,1.0,3.1,2.2,2.0,1.8,3.2,2.1750000000000003
319,3,rosemary_gau_005,rosemary,gau,2.5,1.0,1.4,1.2,2.0,1.6,1.7,2.0,1.7,2.1,1.0,2.7,2.0,2.0,1.5,1.8,1.7625
320,3,rosemary_jp2_25,rosemary,jp2,2.0,1.5,1.7,1.6,1.7,2.5,2.1,3.5,2.2,1.4,1.0,2.2,1.0,1.3,1.5,1.9,1.8187499999999999
321,3,rosemary_jp2_375,rosemary,jp2,2.0,2.0,2.0,2.3,3.0,2.4,3.0,4.9,2.0,1.4,1.0,2.4,1.7,2.1,2.1,2.1,2.275
322,3,rosemary_jp2_5,rosemary,jp2,2.0,4.5,2.3,2.5,3.0,3.0,3.3,4.5,1.5,2.2,3.0,2.1,2.2,2.0,2.7,2.1,2.6812500000000004
323,3,rosemary_jp2_625,rosemary,jp2,3.0,2.5,3.0,5.0,3.3,4.3,4.2,4.1,2.1,2.6,3.9,3.2,3.7,3.1,3.5,2.5,3.3750000000000004
324,3,rosemary_jp2_75,rosemary,jp2,3.0,4.5,3.6,5.0,3.0,4.4,5.0,4.5,3.0,4.3,4.0,2.9,3.3,2.0,4.0,4.0,3.7812499999999996
325,3,rosemary_jpg_25,rosemary,jpg,1.0,1.0,1.0,1.0,1.0,1.0,1.0,1.0,1.0,1.0,1.0,1.0,1.0,1.0,1.2,1.0,1.0125
326,3,rosemary_jpg_375,rosemary,jpg,1.0,1.0,1.2,2.0,1.3,1.5,2.0,2.4,1.5,1.8,1.0,1.0,1.0,1.6,1.6,1.5,1.4625000000000004
327,3,rosemary_jpg_5,rosemary,jpg,2.0,2.0,1.9,2.1,2.7,3.1,3.1,3.6,2.2,1.4,1.0,2.5,3.1,1.8,2.5,2.1,2.31875
328,3,rosemary_jpg_625,rosemary,jpg,3.0,3.0,2.9,3.4,3.2,3.5,3.5,4.2,2.5,2.6,2.1,2.5,2.1,2.5,2.4,2.6,2.875
329,3,rosemary_jpg_75,rosemary,jpg,3.0,4.0,3.7,3.8,3.3,5.0,4.4,4.8,2.4,1.6,3.0,2.8,3.3,2.4,3.5,3.1,3.3812499999999996
330,3,rosemary_pin_001,rosemary,pin,5.0,4.0,5.0,5.0,5.0,4.0,5.0,4.9,4.5,5.0,5.0,4.6,5.0,4.0,5.0,5.0,4.75
331,3,rosemary_pin_002,rosemary,pin,5.0,5.0,4.9,5.0,5.0,4.0,5.0,4.7,3.6,3.9,5.0,4.9,4.3,4.1,4.8,5.0,4.637499999999999
332,3,rosemary_pin_003,rosemary,pin,4.0,4.5,5.0,5.0,5.0,3.7,5.0,4.4,3.2,3.4,4.0,4.9,4.0,4.7,3.2,3.7,4.23125
333,3,rosemary_pin_004,rosemary,pin,4.0,4.0,5.0,5.0,5.0,5.0,5.0,4.7,2.9,2.0,5.0,4.8,3.7,5.0,3.6,5.0,4.35625
334,3,rosemary_pin_005,rosemary,pin,3.0,2.5,1.8,3.9,5.0,2.1,3.0,4.4,2.1,4.6,5.0,1.5,1.3,2.5,2.3,4.5,3.09375
335,3,rosemary_sal_001,rosemary,sal,4.0,4.5,2.3,3.0,3.7,3.9,2.8,4.6,3.2,5.0,5.0,3.2,3.0,5.0,2.8,4.0,3.75
336,3,rosemary_sal_002,rosemary,sal,4.0,1.5,1.1,1.9,3.0,2.9,2.4,3.0,2.8,4.5,3.0,1.4,2.9,3.0,1.6,4.0,2.6875
337,3,rosemary_sal_003,rosemary,sal,3.5,1.5,1.1,2.1,2.5,2.6,2.0,3.0,2.5,2.6,2.1,1.7,1.8,2.6,2.0,4.0,2.35
338,3,rosemary_sal_004,rosemary,sal,3.0,1.5,1.0,1.6,2.7,2.2,2.0,2.2,2.0,3.8,1.0,1.7,1.3,2.4,1.7,3.3,2.0875
339,3,rosemary_sal_005,rosemary,sal,2.0,1.0,1.0,1.5,1.5,1.8,1.0,2.0,1.5,1.8,1.0,1.0,1.3,1.9,1.4,2.7,1.525
340,3,rosemary_uns_001,rosemary,uns,5.0,4.0,5.0,5.0,5.0,3.9,5.0,4.9,4.3,4.3,5.0,4.2,5.0,4.1,5.0,5.0,4.668749999999999
341,3,rosemary_uns_002,rosemary,uns,4.0,3.5,4.2,5.0,4.0,4.0,4.2,4.0,4.6,2.6,4.0,4.0,4.0,4.1,4.2,4.0,4.025
342,3,rosemary_uns_003,rosemary,uns,3.0,3.0,4.4,4.1,4.0,4.0,4.1,4.0,4.6,3.2,3.1,3.0,3.8,3.6,3.5,4.0,3.7125000000000004
343,3,rosemary_uns_004,rosemary,uns,2.0,3.5,3.9,4.1,3.5,3.6,4.0,3.6,4.0,3.4,2.1,2.8,3.7,3.2,2.5,4.0,3.3687500000000004
344,3,rosemary_uns_005,rosemary,uns,2.0,1.0,3.0,3.7,2.5,3.2,3.0,2.0,3.9,2.9,2.1,1.0,3.2,2.7,3.7,4.0,2.7437500000000004
345,3,rosemary_vp9_01,rosemary,vp9,1.0,1.5,1.9,2.7,2.3,2.3,2.6,3.0,1.9,1.8,1.0,1.9,1.7,1.7,2.2,1.8,1.9562499999999996
346,3,rosemary_vp9_05,rosemary,vp9,2.5,1.8,2.0,3.2,2.5,2.9,2.3,3.2,2.1,1.8,3.0,1.2,3.7,2.2,2.8,3.0,2.5125
347,3,rosemary_vp9_15,rosemary,vp9,3.0,4.5,4.1,5.0,3.3,4.0,5.0,4.5,4.2,4.2,5.0,3.7,2.9,2.7,3.5,4.9,4.031250000000001
348,3,rosemary_vp9_25,rosemary,vp9,4.0,4.5,5.0,5.0,5.0,3.9,5.0,4.7,4.0,3.4,5.0,3.9,5.0,4.0,5.0,5.0,4.525
349,3,rosemary_vp9_75,rosemary,vp9,4.0,4.5,5.0,5.0,5.0,4.3,5.0,5.0,4.5,4.5,5.0,4.8,5.0,4.0,4.9,5.0,4.71875
350,3,rosemary_x264_01,rosemary,x264,1.0,1.0,1.0,1.0,1.0,1.5,1.1,2.0,1.0,1.0,1.0,1.6,1.0,1.0,1.2,1.0,1.15
351,3,rosemary_x264_05,rosemary,x264,3.0,2.5,2.7,5.0,3.2,3.9,4.0,4.8,2.0,1.9,2.1,2.9,1.7,2.2,3.6,2.4,2.9937500000000004
352,3,rosemary_x264_15,rosemary,x264,3.5,3.0,4.8,4.8,5.0,5.0,5.0,4.5,3.6,3.0,4.0,4.4,4.5,4.0,4.8,5.0,4.30625
353,3,rosemary_x264_25,rosemary,x264,5.0,4.5,4.1,5.0,5.0,2.9,5.0,4.6,4.3,2.6,4.0,4.0,4.5,2.5,4.8,5.0,4.2375
354,3,rosemary_x264_75,rosemary,x264,4.0,4.0,5.0,5.0,5.0,4.0,5.0,4.7,4.8,4.2,5.0,4.3,4.5,3.0,5.0,5.0,4.53125
355,3,rosemary_x265_01,rosemary,x265,1.0,1.0,1.2,2.3,2.0,2.3,2.0,2.1,1.7,1.0,1.0,2.7,1.0,1.6,1.6,1.0,1.5937500000000002
356,3,rosemary_x265_05,rosemary,x265,2.0,4.0,2.2,5.0,3.3,3.4,5.0,4.5,3.0,1.9,3.0,2.4,2.9,2.5,4.3,2.7,3.2562499999999996
357,3,rosemary_x265_15,rosemary,x265,4.0,4.5,4.9,4.5,5.0,5.0,5.0,4.9,4.7,4.1,3.0,4.5,4.2,2.4,4.5,4.6,4.3625
358,3,rosemary_x265_25,rosemary,x265,4.5,5.0,4.9,5.0,5.0,4.4,5.0,4.5,4.8,3.4,5.0,4.5,4.9,2.9,5.0,3.7,4.531249999999999
359,3,rosemary_x265_75,rosemary,x265,5.0,4.0,5.0,5.0,5.0,2.8,5.0,4.8,4.4,2.6,5.0,4.0,4.2,4.8,4.4,5.0,4.4375
360,4,pens_av1_01,pens,av1,1.0,1.5,1.4,1.6,1.3,1.0,1.8,1.2,1.9,1.4,1.0,2.0,1.0,1.3,2.1,1.3,1.4250000000000003
361,4,pens_av1_05,pens,av1,3.0,3.0,3.5,5.0,4.0,4.0,5.0,3.1,2.5,2.2,5.0,2.9,3.0,3.0,3.2,4.4,3.5500000000000003
362,4,pens_av1_15,pens,av1,4.0,4.0,5.0,5.0,5.0,4.1,5.0,4.7,4.9,5.0,5.0,3.9,2.0,4.0,4.8,5.0,4.4625
363,4,pens_av1_25,pens,av1,4.0,2.0,5.0,5.0,5.0,3.9,5.0,4.7,5.0,5.0,4.0,4.8,3.0,3.7,4.5,4.0,4.2875
364,4,pens_av1_75,pens,av1,5.0,4.5,5.0,4.0,5.0,3.5,5.0,4.5,5.0,5.0,5.0,4.5,5.0,3.9,4.7,5.0,4.6625000000000005
365,4,pens_bar_001,pens,bar,4.0,4.5,4.9,5.0,5.0,2.9,5.0,5.0,4.9,5.0,5.0,4.3,4.9,4.7,5.0,5.0,4.69375
366,4,pens_bar_002,pens,bar,4.0,4.5,4.9,5.0,5.0,4.3,5.0,4.7,4.0,5.0,4.0,3.4,4.9,3.8,4.5,3.7,4.41875
367,4,pens_bar_003,pens,bar,4.0,4.0,4.5,5.0,4.0,4.4,5.0,4.8,5.0,5.0,4.0,3.6,4.6,4.0,3.8,5.0,4.41875
368,4,pens_bar_004,pens,bar,4.0,3.0,4.6,5.0,3.7,5.0,5.0,4.7,3.9,5.0,3.0,3.6,4.3,4.8,4.2,4.9,4.29375
369,4,pens_bar_005,pens,bar,4.0,4.0,4.7,5.0,4.0,4.0,4.6,2.2,2.9,3.8,3.1,4.9,4.9,2.1,3.5,4.6,3.89375
370,4,pens_bpg_25,pens,bpg,2.0,1.5,1.7,2.4,2.7,2.4,3.1,2.1,2.7,1.4,1.0,2.4,1.0,2.0,2.6,1.3,2.01875
371,4,pens_bpg_375,pens,bpg,1.0,2.0,3.4,3.1,2.7,3.0,3.4,2.2,2.1,2.2,2.1,2.5,1.3,2.5,3.5,2.3,2.45625
372,4,pens_bpg_5,pens,bpg,2.0,1.5,4.0,4.0,2.8,3.0,2.4,5.0,1.5,2.2,2.1,2.3,1.3,2.5,3.3,1.8,2.6062499999999993
373,4,pens_bpg_625,pens,bpg,2.0,3.0,3.2,3.9,3.8,3.4,3.8,4.9,2.3,2.6,5.0,3.1,1.9,4.0,3.4,2.6,3.30625
374,4,pens_bpg_75,pens,bpg,2.0,2.0,4.5,4.0,3.5,4.0,5.0,4.9,3.0,3.8,3.0,2.9,2.2,2.7,3.2,2.7,3.3375000000000004
375,4,pens_gau_001,pens,gau,4.0,3.0,4.6,4.1,5.0,4.8,5.0,5.0,3.2,5.0,5.0,4.7,4.8,4.3,4.0,4.7,4.45
376,4,pens_gau_002,pens,gau,3.8,3.0,4.3,5.0,4.0,4.0,4.2,4.8,2.9,3.4,3.0,3.8,3.3,2.4,3.5,2.7,3.6312499999999996
377,4,pens_gau_003,pens,gau,3.0,2.5,2.8,3.0,3.3,2.7,3.0,3.9,2.1,2.2,2.1,3.0,2.6,2.4,2.1,2.8,2.71875
378,4,pens_gau_004,pens,gau,3.0,2.0,2.1,2.3,2.5,2.5,2.0,2.8,2.3,2.2,2.1,1.9,2.5,2.0,2.6,1.5,2.2687500000000003
379,4,pens_gau_005,pens,gau,2.5,1.0,1.4,1.7,2.0,1.9,2.0,1.1,1.6,1.8,1.0,1.5,2.8,1.3,1.8,1.0,1.6500000000000001
380,4,pens_jp2_25,pens,jp2,2.0,1.5,1.2,2.2,1.7,2.0,2.2,2.9,1.8,1.4,1.0,1.9,1.0,2.2,2.1,1.8,1.80625
381,4,pens_jp2_375,pens,jp2,2.0,2.0,1.8,3.4,2.5,2.3,2.5,2.1,2.3,1.8,1.0,2.9,1.3,2.3,2.2,2.4,2.1750000000000003
382,4,pens_jp2_5,pens,jp2,2.0,1.5,2.0,3.1,2.8,2.2,3.4,3.1,2.3,3.4,2.1,1.8,1.7,2.7,2.8,1.9,2.425
383,4,pens_jp2_625,pens,jp2,3.0,3.5,3.0,4.7,3.2,4.1,3.0,4.6,1.9,1.8,2.0,2.8,1.0,2.2,2.6,2.6,2.875
384,4,pens_jp2_75,pens,jp2,2.0,2.5,2.9,3.5,3.3,3.8,4.0,4.6,2.4,3.4,3.0,2.9,2.2,2.5,3.1,1.8,2.99375
385,4,pens_jpg_25,pens,jpg,1.0,1.0,1.1,1.5,1.0,1.3,1.0,1.0,1.0,1.0,1.0,1.0,1.0,1.3,1.0,1.0,1.075
386,4,pens_jpg_375,pens,jpg,1.0,1.0,1.2,1.4,1.7,2.0,2.3,1.0,1.1,1.4,1.0,1.5,1.0,1.9,1.0,1.5,1.375
387,4,pens_jpg_5,pens,jpg,1.0,2.1,2.1,2.8,2.7,2.3,3.0,3.0,1.8,1.8,2.1,2.1,1.0,2.1,3.1,1.5,2.1562500000000004
388,4,pens_jpg_625,pens,jpg,2.5,2.0,4.9,3.6,3.3,3.2,3.5,4.0,2.7,2.2,2.0,2.8,1.8,2.3,3.7,2.2,2.9187499999999997
389,4,pens_jpg_75,pens,jpg,3.0,3.0,3.1,4.5,3.0,3.7,4.5,4.9,2.4,2.2,3.0,2.8,1.3,2.9,2.5,2.5,3.08125
390,4,pens_pin_001,pens,pin,5.0,4.0,5.0,5.0,5.0,4.9,5.0,4.8,4.5,5.0,5.0,4.4,4.5,5.0,5.0,4.0,4.75625
391,4,pens_pin_002,pens,pin,4.0,4.5,4.7,4.0,5.0,4.0,5.0,5.0,3.9,5.0,3.1,4.4,5.0,2.7,4.8,4.5,4.3500000000000005
392,4,pens_pin_003,pens,pin,4.0,4.5,4.7,4.0,5.0,3.8,5.0,4.9,5.0,5.0,5.0,4.0,5.0,4.1,5.0,5.0,4.625
393,4,pens_pin_004,pens,pin,4.0,4.5,5.0,5.0,5.0,5.0,5.0,4.9,4.5,4.2,4.0,4.1,5.0,3.1,4.8,3.6,4.48125
394,4,pens_pin_005,pens,pin,4.0,5.0,4.7,5.0,5.0,4.4,5.0,4.9,4.9,3.8,5.0,3.2,5.0,4.7,4.2,3.3,4.50625
395,4,pens_sal_001,pens,sal,4.0,2.0,4.1,2.4,3.7,3.5,2.9,3.8,2.5,4.2,5.0,2.4,2.3,3.0,2.9,4.5,3.3249999999999997
396,4,pens_sal_002,pens,sal,4.0,1.5,1.2,2.0,3.0,2.9,2.0,3.0,2.6,3.8,1.0,2.0,2.3,3.0,1.9,4.0,2.5125
397,4,pens_sal_003,pens,sal,3.0,1.0,1.3,2.2,2.5,2.7,2.0,1.9,1.8,3.0,2.1,1.2,2.2,2.8,1.9,3.8,2.2125
398,4,pens_sal_004,pens,sal,3.0,1.0,1.1,1.8,2.0,2.4,2.0,1.6,2.3,2.6,1.0,1.2,1.7,2.7,1.3,2.9,1.9124999999999999
399,4,pens_sal_005,pens,sal,2.0,1.0,1.0,1.4,1.8,2.2,1.0,1.3,1.7,2.6,1.0,1.0,1.0,2.0,1.0,2.1,1.50625
400,4,pens_uns_001,pens,uns,4.0,4.0,5.0,5.0,5.0,4.6,5.0,4.9,4.5,5.0,5.0,4.4,5.0,4.1,5.0,5.0,4.71875
401,4,pens_uns_002,pens,uns,3.0,4.0,4.4,4.5,4.0,4.0,5.0,5.0,4.9,2.6,3.9,4.0,4.3,3.9,3.9,5.0,4.1499999999999995
402,4,pens_uns_003,pens,uns,3.0,4.0,4.4,4.2,3.8,3.8,4.8,4.0,4.5,2.6,4.0,1.8,3.0,3.7,3.2,4.0,3.6750000000000003
403,4,pens_uns_004,pens,uns,2.0,1.0,3.0,3.8,2.0,2.4,4.0,2.6,3.9,2.2,4.0,2.7,4.2,2.8,2.5,4.1,2.95
404,4,pens_uns_005,pens,uns,2.0,1.5,3.0,4.0,2.0,2.8,4.0,2.0,3.7,3.0,1.6,1.8,3.7,2.7,1.7,4.0,2.7187500000000004
405,4,pens_vp9_01,pens,vp9,1.0,1.5,1.2,2.0,2.0,2.0,1.8,2.1,1.6,1.8,1.0,1.7,1.0,1.3,1.6,1.2,1.55
406,4,pens_vp9_05,pens,vp9,2.0,3.0,2.5,2.5,2.5,2.5,4.0,3.0,3.0,1.8,3.0,3.1,1.9,2.3,2.5,1.4,2.5624999999999996
407,4,pens_vp9_15,pens,vp9,3.0,5.0,4.9,4.6,5.0,4.3,5.0,4.7,4.4,3.0,4.0,3.6,1.3,3.6,4.1,3.1,3.975
408,4,pens_vp9_25,pens,vp9,4.0,2.5,5.0,5.0,5.0,4.7,5.0,4.7,4.4,3.8,3.0,4.2,1.7,3.3,4.1,4.4,4.05
409,4,pens_vp9_75,pens,vp9,4.0,5.0,4.9,5.0,5.0,5.0,5.0,5.0,3.2,4.6,5.0,4.9,5.0,4.1,5.0,5.0,4.73125
410,4,pens_x264_01,pens,x264,1.0,1.0,1.0,1.5,1.0,1.5,1.0,1.1,1.0,1.0,1.0,1.0,1.0,1.2,1.0,1.0,1.0812499999999998
411,4,pens_x264_05,pens,x264,1.5,2.0,3.5,4.1,3.2,2.7,3.7,2.0,1.8,1.4,2.1,3.1,1.3,2.5,2.9,2.7,2.53125
412,4,pens_x264_15,pens,x264,4.0,3.5,4.4,4.3,5.0,4.5,4.6,4.5,3.8,3.8,5.0,3.3,3.3,2.9,4.6,4.8,4.143749999999999
413,4,pens_x264_25,pens,x264,3.0,3.5,4.8,5.0,5.0,4.3,5.0,4.7,4.8,3.0,5.0,4.2,4.9,4.6,4.8,3.7,4.393750000000001
414,4,pens_x264_75,pens,x264,4.0,4.0,5.0,5.0,5.0,4.2,5.0,4.6,4.2,4.2,5.0,4.5,5.0,3.7,5.0,4.8,4.575
415,4,pens_x265_01,pens,x265,1.0,1.0,1.1,1.7,1.0,1.4,2.0,1.2,1.0,1.4,1.0,1.0,1.0,1.4,2.3,1.0,1.28125
416,4,pens_x265_05,pens,x265,2.5,1.0,1.8,2.5,2.2,3.4,3.6,2.7,2.3,2.0,1.0,2.5,2.2,2.3,2.1,2.2,2.2687500000000003
417,4,pens_x265_15,pens,x265,3.0,3.0,4.9,5.0,3.2,2.6,4.1,3.9,3.4,2.6,2.1,2.6,1.7,3.1,4.2,3.5,3.306250000000001
418,4,pens_x265_25,pens,x265,3.0,5.0,4.7,4.7,5.0,4.0,4.2,4.7,3.9,3.2,2.1,4.6,3.6,3.6,3.6,4.8,4.04375
419,4,pens_x265_75,pens,x265,4.0,4.0,4.9,4.6,5.0,5.0,4.9,5.0,4.8,5.0,3.0,4.5,5.0,2.3,5.0,4.9,4.49375
420,4,pillows_av1_01,pillows,av1,1.0,2.0,1.8,3.5,2.7,2.3,4.0,3.1,1.8,2.2,2.1,3.0,2.0,1.6,2.6,1.6,2.3312500000000003
421,4,pillows_av1_05,pillows,av1,4.0,4.5,4.1,5.0,5.0,4.6,5.0,4.9,4.9,5.0,5.0,3.8,2.0,3.2,4.1,4.9,4.375
422,4,pillows_av1_15,pillows,av1,4.0,4.5,5.0,4.0,5.0,5.0,5.0,4.8,4.8,3.4,5.0,4.6,5.0,4.0,5.0,5.0,4.63125
423,4,pillows_av1_25,pillows,av1,5.0,4.5,5.0,5.0,5.0,5.0,5.0,4.0,4.5,4.1,5.0,4.3,5.0,4.3,4.8,5.0,4.71875
424,4,pillows_av1_75,pillows,av1,5.0,4.5,4.8,5.0,5.0,4.8,5.0,4.9,4.4,5.0,5.0,4.1,5.0,4.0,5.0,5.0,4.78125
425,4,pillows_bar_001,pillows,bar,5.0,4.5,5.0,5.0,5.0,5.0,5.0,4.9,5.0,5.0,4.0,4.6,5.0,3.8,5.0,5.0,4.8
426,4,pillows_bar_002,pillows,bar,5.0,5.0,3.9,5.0,5.0,4.0,5.0,4.8,3.9,5.0,5.0,4.8,5.0,3.9,4.7,5.0,4.6875
427,4,pillows_bar_003,pillows,bar,4.0,5.0,4.0,5.0,5.0,5.0,5.0,4.7,3.4,5.0,2.1,3.9,5.0,3.4,4.7,4.7,4.36875
428,4,pillows_bar_004,pillows,bar,4.0,3.5,5.0,5.0,5.0,4.2,5.0,4.6,4.8,5.0,5.0,3.8,4.9,2.8,4.8,4.8,4.512499999999999
429,4,pillows_bar_005,pillows,bar,4.0,5.0,3.9,5.0,5.0,3.9,4.0,4.7,4.3,4.2,5.0,4.5,2.0,2.3,4.6,4.8,4.2
430,4,pillows_bpg_25,pillows,bpg,1.0,1.5,1.1,2.0,2.7,2.0,3.2,2.1,1.2,1.0,1.0,2.3,1.3,1.9,2.6,1.0,1.7437500000000001
431,4,pillows_bpg_375,pillows,bpg,1.0,2.0,1.2,2.3,2.7,2.3,2.6,2.2,2.1,1.8,2.1,1.7,1.3,1.1,2.8,1.0,1.8875000000000004
432,4,pillows_bpg_5,pillows,bpg,2.0,1.5,2.1,2.4,3.3,2.4,3.4,3.0,2.8,1.4,1.0,2.3,1.0,2.1,2.3,1.4,2.15
433,4,pillows_bpg_625,pillows,bpg,2.0,3.5,2.7,2.5,2.7,2.4,4.4,3.0,2.1,1.8,2.1,1.5,2.2,2.0,2.4,2.6,2.4937500000000004
434,4,pillows_bpg_75,pillows,bpg,2.0,2.0,2.5,3.2,2.7,3.7,3.9,4.0,2.5,2.6,2.1,3.0,1.3,2.2,3.4,2.3,2.7125
435,4,pillows_gau_001,pillows,gau,4.0,5.0,4.9,5.0,5.0,5.0,5.0,4.9,4.5,4.2,5.0,4.5,4.9,3.2,4.5,4.3,4.6187499999999995
436,4,pillows_gau_002,pillows,gau,3.5,2.0,3.6,2.9,3.8,3.0,4.0,3.5,2.7,3.0,2.1,3.9,2.3,3.1,2.6,4.0,3.125
437,4,pillows_gau_003,pillows,gau,3.0,2.0,2.4,2.7,3.5,3.1,2.5,3.0,2.3,2.8,2.1,4.0,2.6,3.1,2.3,2.8,2.7625
438,4,pillows_gau_004,pillows,gau,3.0,2.5,1.6,1.9,3.2,2.4,2.9,3.0,1.8,1.8,1.0,3.3,2.3,1.3,1.6,2.0,2.225
439,4,pillows_gau_005,pillows,gau,3.0,1.5,1.2,2.0,1.8,2.0,2.0,1.7,1.5,2.2,1.0,1.3,2.6,1.9,1.7,1.7,1.8187499999999999
440,4,pillows_jp2_25,pillows,jp2,1.5,1.5,1.2,2.0,1.8,2.1,2.8,2.0,2.7,1.0,1.0,1.8,1.8,1.3,1.7,1.0,1.7
441,4,pillows_jp2_375,pillows,jp2,1.5,1.0,1.3,1.5,2.5,2.1,2.3,2.1,1.2,1.4,1.0,2.1,1.0,2.5,1.9,1.2,1.6624999999999999
442,4,pillows_jp2_5,pillows,jp2,2.0,2.0,1.3,2.2,2.5,2.3,2.3,2.5,2.1,1.4,2.1,2.6,1.3,1.8,3.1,1.2,2.0437500000000006
443,4,pillows_jp2_625,pillows,jp2,2.0,3.0,2.0,2.4,3.0,2.5,3.0,3.6,1.6,1.4,2.1,1.6,1.3,2.4,3.2,1.7,2.3000000000000003
444,4,pillows_jp2_75,pillows,jp2,2.5,2.0,1.4,2.6,2.5,3.0,3.1,3.7,1.8,1.8,2.1,2.2,1.3,2.6,1.8,2.1,2.28125
445,4,pillows_jpg_25,pillows,jpg,1.0,1.0,1.0,1.1,1.0,1.0,1.0,1.0,1.0,1.0,1.0,1.0,1.0,1.3,1.0,1.0,1.025
446,4,pillows_jpg_375,pillows,jpg,1.0,1.0,1.1,1.5,2.3,1.7,2.0,3.0,1.6,1.4,1.0,1.1,1.0,1.8,1.7,1.1,1.51875
447,4,pillows_jpg_5,pillows,jpg,2.0,2.0,2.5,1.6,3.2,1.9,3.2,3.6,2.5,1.6,1.0,2.4,1.7,2.3,1.8,2.0,2.2062500000000003
448,4,pillows_jpg_625,pillows,jpg,2.0,2.0,2.5,2.5,2.8,4.6,3.2,2.6,2.4,2.6,3.1,1.4,1.3,2.2,3.0,2.3,2.53125
449,4,pillows_jpg_75,pillows,jpg,3.0,4.0,3.0,5.0,3.3,4.0,4.1,4.0,2.1,2.2,3.0,3.1,1.3,2.7,3.6,2.1,3.1562500000000004
450,4,pillows_pin_001,pillows,pin,4.0,5.0,5.0,5.0,5.0,5.0,5.0,4.9,4.6,4.6,5.0,3.9,5.0,3.8,4.8,5.0,4.725
451,4,pillows_pin_002,pillows,pin,5.0,5.0,4.9,5.0,5.0,4.4,5.0,4.7,4.1,4.6,5.0,3.5,4.7,4.7,4.8,5.0,4.7125
452,4,pillows_pin_003,pillows,pin,4.0,3.5,4.9,4.7,5.0,5.0,5.0,4.9,4.5,3.4,3.0,4.0,5.0,3.7,5.0,4.8,4.3999999999999995
453,4,pillows_pin_004,pillows,pin,4.0,4.5,4.9,5.0,5.0,4.1,5.0,4.9,5.0,4.0,5.0,4.1,5.0,3.3,4.6,5.0,4.5874999999999995
454,4,pillows_pin_005,pillows,pin,4.0,3.5,3.9,5.0,5.0,5.0,5.0,5.0,4.6,5.0,5.0,4.7,4.9,4.0,5.0,4.8,4.6499999999999995
455,4,pillows_sal_001,pillows,sal,4.0,2.5,3.1,2.1,3.5,3.3,3.4,3.0,2.3,3.8,3.0,3.7,2.6,3.3,1.8,4.4,3.1125
456,4,pillows_sal_002,pillows,sal,4.0,1.5,1.2,2.0,3.2,2.8,2.0,2.9,2.0,2.4,2.1,2.2,2.6,3.0,1.5,4.0,2.4625
457,4,pillows_sal_003,pillows,sal,4.0,1.5,1.3,2.4,2.8,2.0,2.0,3.0,2.2,3.4,2.1,1.7,2.3,2.8,1.7,3.8,2.4375
458,4,pillows_sal_004,pillows,sal,3.0,1.0,1.1,1.9,2.5,2.7,1.9,2.1,1.8,3.0,2.1,1.4,2.3,2.6,1.4,3.8,2.1625
459,4,pillows_sal_005,pillows,sal,3.0,1.0,1.0,1.5,1.8,2.4,2.0,1.2,1.8,2.2,1.0,1.1,1.7,2.2,1.3,2.5,1.7312500000000002
460,4,pillows_uns_001,pillows,uns,4.0,5.0,5.0,5.0,5.0,4.9,5.0,4.7,5.0,4.2,3.9,4.0,5.0,4.1,4.3,4.9,4.625
461,4,pillows_uns_002,pillows,uns,5.0,4.0,4.4,5.0,4.0,3.8,5.0,4.0,5.0,4.2,3.9,3.9,3.0,3.4,3.2,3.1,4.05625
462,4,pillows_uns_003,pillows,uns,4.0,4.0,4.0,4.0,4.0,3.7,4.1,4.0,4.6,3.0,2.1,3.0,4.0,2.3,3.2,4.0,3.625
463,4,pillows_uns_004,pillows,uns,4.0,4.0,3.7,3.2,3.7,3.5,4.0,2.2,4.6,2.6,4.0,2.1,3.7,3.1,3.1,4.0,3.4687500000000004
464,4,pillows_uns_005,pillows,uns,3.0,2.0,2.8,3.5,3.3,2.9,4.0,3.4,4.2,2.0,3.0,1.3,3.0,2.6,3.5,4.0,3.0312499999999996
465,4,pillows_vp9_01,pillows,vp9,1.0,2.0,1.5,3.1,2.5,2.4,2.4,3.1,2.4,1.4,2.1,2.4,1.0,1.6,2.6,1.9,2.0875
466,4,pillows_vp9_05,pillows,vp9,3.5,4.0,3.0,5.0,3.3,5.0,5.0,4.7,3.1,1.8,4.0,3.0,2.0,3.8,2.8,3.7,3.6062499999999997
467,4,pillows_vp9_15,pillows,vp9,4.0,4.5,4.1,5.0,5.0,4.2,5.0,4.7,5.0,3.8,5.0,2.7,4.5,4.1,4.5,5.0,4.44375
468,4,pillows_vp9_25,pillows,vp9,4.0,3.0,4.9,5.0,5.0,5.0,3.6,4.6,4.6,3.4,5.0,5.0,5.0,3.2,5.0,5.0,4.456250000000001
469,4,pillows_vp9_75,pillows,vp9,5.0,4.0,5.0,5.0,5.0,4.8,5.0,5.0,3.9,4.1,5.0,5.0,5.0,2.5,4.8,4.6,4.606249999999999
470,4,pillows_x264_01,pillows,x264,1.0,1.0,1.1,1.8,1.3,1.9,2.4,2.0,1.7,1.0,1.0,1.6,1.0,1.9,2.2,1.0,1.49375
471,4,pillows_x264_05,pillows,x264,3.0,4.2,4.0,4.0,4.0,4.1,5.0,4.9,2.8,2.2,3.0,3.1,2.0,2.9,4.3,2.5,3.4999999999999996
472,4,pillows_x264_15,pillows,x264,4.0,4.5,5.0,5.0,5.0,4.3,4.0,4.9,4.7,4.2,5.0,4.8,5.0,2.3,4.5,4.8,4.5
473,4,pillows_x264_25,pillows,x264,4.0,4.0,5.0,5.0,5.0,5.0,5.0,4.8,5.0,4.2,5.0,5.0,5.0,4.3,5.0,5.0,4.76875
474,4,pillows_x264_75,pillows,x264,4.0,5.0,5.0,4.1,5.0,4.8,5.0,5.0,5.0,3.8,5.0,4.0,5.0,3.7,5.0,5.0,4.65
475,4,pillows_x265_01,pillows,x265,1.0,1.0,1.0,1.6,2.7,1.5,1.9,2.1,2.6,1.4,1.0,1.0,1.0,1.3,1.8,1.0,1.4937500000000001
476,4,pillows_x265_05,pillows,x265,2.5,3.5,3.9,3.6,3.2,3.3,3.0,4.0,3.0,1.8,2.1,3.0,2.0,2.3,3.7,2.8,2.9812499999999997
477,4,pillows_x265_15,pillows,x265,3.0,4.5,3.9,5.0,4.0,3.0,5.0,4.9,4.2,2.6,3.0,4.1,4.3,4.1,4.2,3.7,3.9687500000000004
478,4,pillows_x265_25,pillows,x265,4.0,3.5,4.9,5.0,3.7,5.0,5.0,4.9,4.3,3.8,5.0,4.5,5.0,3.0,1.3,5.0,4.2437499999999995
479,4,pillows_x265_75,pillows,x265,5.0,5.0,5.0,5.0,5.0,5.0,4.1,4.4,4.7,5.0,3.0,4.4,5.0,3.6,4.8,4.8,4.6125
